"state","region","year","week","recent_cases","recent_active_weeks","outcome","probability_yes","predicted"
"ALABAMA","South",2025,18,0,0,"no",0.0581673306772908,"no"
"ALABAMA","South",2025,19,1,1,"no",0.515463917525773,"yes"
"ALABAMA","South",2025,20,1,1,"no",0.515463917525773,"yes"
"ALABAMA","South",2025,21,1,1,"no",0.515463917525773,"yes"
"ALABAMA","South",2025,22,1,1,"no",0.515463917525773,"yes"
"ALABAMA","South",2025,23,0,1,"no",0.0581673306772908,"no"
"ALABAMA","South",2025,24,0,1,"no",0.0581673306772908,"no"
"ALABAMA","South",2025,25,0,1,"no",0.0581673306772908,"no"
"ALABAMA","South",2025,26,0,1,"no",0.0581673306772908,"no"
"ALABAMA","South",2025,27,0,0,"no",0.0581673306772908,"no"
"ALABAMA","South",2025,28,0,0,"yes",0.0581673306772908,"no"
"ALABAMA","South",2025,29,0,0,"yes",0.0581673306772908,"no"
"ALABAMA","South",2025,30,0,0,"yes",0.0581673306772908,"no"
"ALABAMA","South",2025,31,0,0,"yes",0.0581673306772908,"no"
"ALABAMA","South",2025,32,0,0,"yes",0.0581673306772908,"no"
"ALABAMA","South",2025,33,2,1,"no",0.785234899328859,"yes"
"ALABAMA","South",2025,34,3,2,"no",0.785234899328859,"yes"
"ALABAMA","South",2025,35,3,2,"no",0.785234899328859,"yes"
"ALABAMA","South",2025,36,3,2,"no",0.785234899328859,"yes"
"ALABAMA","South",2025,37,1,2,"no",0.515463917525773,"yes"
"ALABAMA","South",2025,38,0,2,"no",0.0581673306772908,"no"
"ALABAMA","South",2025,39,0,2,"no",0.0581673306772908,"no"
"ALABAMA","South",2025,40,0,2,"no",0.0581673306772908,"no"
"ALABAMA","South",2025,41,0,1,"no",0.0581673306772908,"no"
"ALABAMA","South",2025,42,0,0,"no",0.0581673306772908,"no"
"ALABAMA","South",2025,43,0,0,"no",0.0581673306772908,"no"
"ALABAMA","South",2025,44,0,0,"no",0.0581673306772908,"no"
"ALASKA","West",2025,18,0,0,"no",0.0581673306772908,"no"
"ALASKA","West",2025,19,0,0,"no",0.0581673306772908,"no"
"ALASKA","West",2025,20,0,0,"no",0.0581673306772908,"no"
"ALASKA","West",2025,21,0,0,"no",0.0581673306772908,"no"
"ALASKA","West",2025,22,0,0,"no",0.0581673306772908,"no"
"ALASKA","West",2025,23,0,0,"no",0.0581673306772908,"no"
"ALASKA","West",2025,24,0,0,"no",0.0581673306772908,"no"
"ALASKA","West",2025,25,0,0,"no",0.0581673306772908,"no"
"ALASKA","West",2025,26,0,0,"no",0.0581673306772908,"no"
"ALASKA","West",2025,27,0,0,"no",0.0581673306772908,"no"
"ALASKA","West",2025,28,0,0,"no",0.0581673306772908,"no"
"ALASKA","West",2025,29,0,0,"no",0.0581673306772908,"no"
"ALASKA","West",2025,30,0,0,"no",0.0581673306772908,"no"
"ALASKA","West",2025,31,0,0,"no",0.0581673306772908,"no"
"ALASKA","West",2025,32,0,0,"no",0.0581673306772908,"no"
"ALASKA","West",2025,33,0,0,"no",0.0581673306772908,"no"
"ALASKA","West",2025,34,0,0,"no",0.0581673306772908,"no"
"ALASKA","West",2025,35,0,0,"no",0.0581673306772908,"no"
"ALASKA","West",2025,36,0,0,"no",0.0581673306772908,"no"
"ALASKA","West",2025,37,0,0,"no",0.0581673306772908,"no"
"ALASKA","West",2025,38,0,0,"no",0.0581673306772908,"no"
"ALASKA","West",2025,39,0,0,"no",0.0581673306772908,"no"
"ALASKA","West",2025,40,0,0,"no",0.0581673306772908,"no"
"ALASKA","West",2025,41,0,0,"no",0.0581673306772908,"no"
"ALASKA","West",2025,42,0,0,"no",0.0581673306772908,"no"
"ALASKA","West",2025,43,0,0,"no",0.0581673306772908,"no"
"ALASKA","West",2025,44,0,0,"no",0.0581673306772908,"no"
"ARIZONA","West",2025,18,0,0,"no",0.0581673306772908,"no"
"ARIZONA","West",2025,19,0,0,"no",0.0581673306772908,"no"
"ARIZONA","West",2025,20,0,0,"yes",0.0581673306772908,"no"
"ARIZONA","West",2025,21,0,0,"yes",0.0581673306772908,"no"
"ARIZONA","West",2025,22,0,0,"yes",0.0581673306772908,"no"
"ARIZONA","West",2025,23,0,0,"yes",0.0581673306772908,"no"
"ARIZONA","West",2025,24,0,0,"yes",0.0581673306772908,"no"
"ARIZONA","West",2025,25,1,1,"yes",0.515463917525773,"yes"
"ARIZONA","West",2025,26,1,1,"yes",0.515463917525773,"yes"
"ARIZONA","West",2025,27,4,2,"yes",0.785234899328859,"yes"
"ARIZONA","West",2025,28,6,3,"yes",0.785234899328859,"yes"
"ARIZONA","West",2025,29,9,4,"yes",0.785234899328859,"yes"
"ARIZONA","West",2025,30,9,4,"yes",0.785234899328859,"yes"
"ARIZONA","West",2025,31,10,5,"yes",0.785234899328859,"yes"
"ARIZONA","West",2025,32,12,6,"yes",0.785234899328859,"yes"
"ARIZONA","West",2025,33,10,6,"yes",0.785234899328859,"yes"
"ARIZONA","West",2025,34,13,7,"yes",0.785234899328859,"yes"
"ARIZONA","West",2025,35,9,6,"yes",0.785234899328859,"yes"
"ARIZONA","West",2025,36,6,6,"no",0.785234899328859,"yes"
"ARIZONA","West",2025,37,5,6,"no",0.785234899328859,"yes"
"ARIZONA","West",2025,38,2,6,"no",0.785234899328859,"yes"
"ARIZONA","West",2025,39,2,5,"yes",0.785234899328859,"yes"
"ARIZONA","West",2025,40,1,4,"yes",0.128205128205128,"no"
"ARIZONA","West",2025,41,0,3,"yes",0.0581673306772908,"no"
"ARIZONA","West",2025,42,0,2,"yes",0.0581673306772908,"no"
"ARIZONA","West",2025,43,0,2,"yes",0.0581673306772908,"no"
"ARIZONA","West",2025,44,1,2,"yes",0.128205128205128,"no"
"ARKANSAS","South",2025,18,0,0,"no",0.0581673306772908,"no"
"ARKANSAS","South",2025,19,0,0,"no",0.0581673306772908,"no"
"ARKANSAS","South",2025,20,0,0,"no",0.0581673306772908,"no"
"ARKANSAS","South",2025,21,0,0,"no",0.0581673306772908,"no"
"ARKANSAS","South",2025,22,0,0,"no",0.0581673306772908,"no"
"ARKANSAS","South",2025,23,0,0,"no",0.0581673306772908,"no"
"ARKANSAS","South",2025,24,0,0,"no",0.0581673306772908,"no"
"ARKANSAS","South",2025,25,0,0,"no",0.0581673306772908,"no"
"ARKANSAS","South",2025,26,0,0,"no",0.0581673306772908,"no"
"ARKANSAS","South",2025,27,0,0,"no",0.0581673306772908,"no"
"ARKANSAS","South",2025,28,0,0,"no",0.0581673306772908,"no"
"ARKANSAS","South",2025,29,0,0,"no",0.0581673306772908,"no"
"ARKANSAS","South",2025,30,0,0,"no",0.0581673306772908,"no"
"ARKANSAS","South",2025,31,0,0,"yes",0.0581673306772908,"no"
"ARKANSAS","South",2025,32,0,0,"yes",0.0581673306772908,"no"
"ARKANSAS","South",2025,33,0,0,"yes",0.0581673306772908,"no"
"ARKANSAS","South",2025,34,0,0,"yes",0.0581673306772908,"no"
"ARKANSAS","South",2025,35,0,0,"yes",0.0581673306772908,"no"
"ARKANSAS","South",2025,36,1,1,"yes",0.515463917525773,"yes"
"ARKANSAS","South",2025,37,2,2,"yes",0.785234899328859,"yes"
"ARKANSAS","South",2025,38,3,3,"no",0.785234899328859,"yes"
"ARKANSAS","South",2025,39,4,4,"yes",0.785234899328859,"yes"
"ARKANSAS","South",2025,40,3,4,"yes",0.785234899328859,"yes"
"ARKANSAS","South",2025,41,2,4,"yes",0.785234899328859,"yes"
"ARKANSAS","South",2025,42,1,4,"yes",0.128205128205128,"no"
"ARKANSAS","South",2025,43,0,4,"yes",0.0581673306772908,"no"
"ARKANSAS","South",2025,44,1,4,"yes",0.128205128205128,"no"
"CALIFORNIA","West",2025,18,0,0,"no",0.0581673306772908,"no"
"CALIFORNIA","West",2025,19,0,0,"no",0.0581673306772908,"no"
"CALIFORNIA","West",2025,20,0,0,"no",0.0581673306772908,"no"
"CALIFORNIA","West",2025,21,0,0,"no",0.0581673306772908,"no"
"CALIFORNIA","West",2025,22,0,0,"no",0.0581673306772908,"no"
"CALIFORNIA","West",2025,23,0,0,"no",0.0581673306772908,"no"
"CALIFORNIA","West",2025,24,0,0,"no",0.0581673306772908,"no"
"CALIFORNIA","West",2025,25,0,0,"no",0.0581673306772908,"no"
"CALIFORNIA","West",2025,26,0,0,"no",0.0581673306772908,"no"
"CALIFORNIA","West",2025,27,0,0,"no",0.0581673306772908,"no"
"CALIFORNIA","West",2025,28,0,0,"no",0.0581673306772908,"no"
"CALIFORNIA","West",2025,29,0,0,"no",0.0581673306772908,"no"
"CALIFORNIA","West",2025,30,0,0,"no",0.0581673306772908,"no"
"CALIFORNIA","West",2025,31,0,0,"no",0.0581673306772908,"no"
"CALIFORNIA","West",2025,32,0,0,"no",0.0581673306772908,"no"
"CALIFORNIA","West",2025,33,0,0,"no",0.0581673306772908,"no"
"CALIFORNIA","West",2025,34,0,0,"no",0.0581673306772908,"no"
"CALIFORNIA","West",2025,35,0,0,"no",0.0581673306772908,"no"
"CALIFORNIA","West",2025,36,0,0,"no",0.0581673306772908,"no"
"CALIFORNIA","West",2025,37,0,0,"no",0.0581673306772908,"no"
"CALIFORNIA","West",2025,38,0,0,"no",0.0581673306772908,"no"
"CALIFORNIA","West",2025,39,0,0,"no",0.0581673306772908,"no"
"CALIFORNIA","West",2025,40,0,0,"no",0.0581673306772908,"no"
"CALIFORNIA","West",2025,41,0,0,"no",0.0581673306772908,"no"
"CALIFORNIA","West",2025,42,0,0,"no",0.0581673306772908,"no"
"CALIFORNIA","West",2025,43,0,0,"no",0.0581673306772908,"no"
"CALIFORNIA","West",2025,44,0,0,"no",0.0581673306772908,"no"
"COLORADO","West",2025,18,0,0,"no",0.0581673306772908,"no"
"COLORADO","West",2025,19,0,0,"no",0.0581673306772908,"no"
"COLORADO","West",2025,20,0,0,"no",0.0581673306772908,"no"
"COLORADO","West",2025,21,0,0,"no",0.0581673306772908,"no"
"COLORADO","West",2025,22,0,0,"no",0.0581673306772908,"no"
"COLORADO","West",2025,23,0,0,"no",0.0581673306772908,"no"
"COLORADO","West",2025,24,0,0,"no",0.0581673306772908,"no"
"COLORADO","West",2025,25,0,0,"no",0.0581673306772908,"no"
"COLORADO","West",2025,26,0,0,"no",0.0581673306772908,"no"
"COLORADO","West",2025,27,0,0,"no",0.0581673306772908,"no"
"COLORADO","West",2025,28,0,0,"no",0.0581673306772908,"no"
"COLORADO","West",2025,29,0,0,"no",0.0581673306772908,"no"
"COLORADO","West",2025,30,0,0,"no",0.0581673306772908,"no"
"COLORADO","West",2025,31,0,0,"no",0.0581673306772908,"no"
"COLORADO","West",2025,32,0,0,"no",0.0581673306772908,"no"
"COLORADO","West",2025,33,0,0,"no",0.0581673306772908,"no"
"COLORADO","West",2025,34,0,0,"no",0.0581673306772908,"no"
"COLORADO","West",2025,35,0,0,"no",0.0581673306772908,"no"
"COLORADO","West",2025,36,0,0,"no",0.0581673306772908,"no"
"COLORADO","West",2025,37,0,0,"no",0.0581673306772908,"no"
"COLORADO","West",2025,38,0,0,"no",0.0581673306772908,"no"
"COLORADO","West",2025,39,0,0,"no",0.0581673306772908,"no"
"COLORADO","West",2025,40,0,0,"no",0.0581673306772908,"no"
"COLORADO","West",2025,41,0,0,"no",0.0581673306772908,"no"
"COLORADO","West",2025,42,0,0,"no",0.0581673306772908,"no"
"COLORADO","West",2025,43,0,0,"no",0.0581673306772908,"no"
"COLORADO","West",2025,44,0,0,"no",0.0581673306772908,"no"
"CONNECTICUT","Northeast",2025,18,0,0,"no",0.0581673306772908,"no"
"CONNECTICUT","Northeast",2025,19,0,0,"no",0.0581673306772908,"no"
"CONNECTICUT","Northeast",2025,20,0,0,"no",0.0581673306772908,"no"
"CONNECTICUT","Northeast",2025,21,0,0,"no",0.0581673306772908,"no"
"CONNECTICUT","Northeast",2025,22,0,0,"no",0.0581673306772908,"no"
"CONNECTICUT","Northeast",2025,23,0,0,"no",0.0581673306772908,"no"
"CONNECTICUT","Northeast",2025,24,0,0,"no",0.0581673306772908,"no"
"CONNECTICUT","Northeast",2025,25,0,0,"no",0.0581673306772908,"no"
"CONNECTICUT","Northeast",2025,26,0,0,"no",0.0581673306772908,"no"
"CONNECTICUT","Northeast",2025,27,0,0,"no",0.0581673306772908,"no"
"CONNECTICUT","Northeast",2025,28,0,0,"no",0.0581673306772908,"no"
"CONNECTICUT","Northeast",2025,29,0,0,"no",0.0581673306772908,"no"
"CONNECTICUT","Northeast",2025,30,0,0,"no",0.0581673306772908,"no"
"CONNECTICUT","Northeast",2025,31,0,0,"no",0.0581673306772908,"no"
"CONNECTICUT","Northeast",2025,32,0,0,"no",0.0581673306772908,"no"
"CONNECTICUT","Northeast",2025,33,0,0,"no",0.0581673306772908,"no"
"CONNECTICUT","Northeast",2025,34,0,0,"no",0.0581673306772908,"no"
"CONNECTICUT","Northeast",2025,35,0,0,"no",0.0581673306772908,"no"
"CONNECTICUT","Northeast",2025,36,0,0,"no",0.0581673306772908,"no"
"CONNECTICUT","Northeast",2025,37,0,0,"no",0.0581673306772908,"no"
"CONNECTICUT","Northeast",2025,38,0,0,"no",0.0581673306772908,"no"
"CONNECTICUT","Northeast",2025,39,0,0,"no",0.0581673306772908,"no"
"CONNECTICUT","Northeast",2025,40,0,0,"no",0.0581673306772908,"no"
"CONNECTICUT","Northeast",2025,41,0,0,"no",0.0581673306772908,"no"
"CONNECTICUT","Northeast",2025,42,0,0,"no",0.0581673306772908,"no"
"CONNECTICUT","Northeast",2025,43,0,0,"no",0.0581673306772908,"no"
"CONNECTICUT","Northeast",2025,44,0,0,"no",0.0581673306772908,"no"
"DELAWARE","South",2025,18,0,0,"no",0.0581673306772908,"no"
"DELAWARE","South",2025,19,0,0,"no",0.0581673306772908,"no"
"DELAWARE","South",2025,20,0,0,"no",0.0581673306772908,"no"
"DELAWARE","South",2025,21,0,0,"no",0.0581673306772908,"no"
"DELAWARE","South",2025,22,0,0,"no",0.0581673306772908,"no"
"DELAWARE","South",2025,23,0,0,"no",0.0581673306772908,"no"
"DELAWARE","South",2025,24,0,0,"no",0.0581673306772908,"no"
"DELAWARE","South",2025,25,0,0,"no",0.0581673306772908,"no"
"DELAWARE","South",2025,26,0,0,"no",0.0581673306772908,"no"
"DELAWARE","South",2025,27,0,0,"no",0.0581673306772908,"no"
"DELAWARE","South",2025,28,0,0,"no",0.0581673306772908,"no"
"DELAWARE","South",2025,29,0,0,"no",0.0581673306772908,"no"
"DELAWARE","South",2025,30,0,0,"no",0.0581673306772908,"no"
"DELAWARE","South",2025,31,0,0,"no",0.0581673306772908,"no"
"DELAWARE","South",2025,32,0,0,"no",0.0581673306772908,"no"
"DELAWARE","South",2025,33,0,0,"no",0.0581673306772908,"no"
"DELAWARE","South",2025,34,0,0,"no",0.0581673306772908,"no"
"DELAWARE","South",2025,35,0,0,"no",0.0581673306772908,"no"
"DELAWARE","South",2025,36,0,0,"no",0.0581673306772908,"no"
"DELAWARE","South",2025,37,0,0,"no",0.0581673306772908,"no"
"DELAWARE","South",2025,38,0,0,"no",0.0581673306772908,"no"
"DELAWARE","South",2025,39,0,0,"no",0.0581673306772908,"no"
"DELAWARE","South",2025,40,0,0,"no",0.0581673306772908,"no"
"DELAWARE","South",2025,41,0,0,"no",0.0581673306772908,"no"
"DELAWARE","South",2025,42,0,0,"no",0.0581673306772908,"no"
"DELAWARE","South",2025,43,0,0,"no",0.0581673306772908,"no"
"DELAWARE","South",2025,44,0,0,"no",0.0581673306772908,"no"
"DISTRICT OF COLUMBIA","South",2025,18,0,0,"no",0.0581673306772908,"no"
"DISTRICT OF COLUMBIA","South",2025,19,0,0,"no",0.0581673306772908,"no"
"DISTRICT OF COLUMBIA","South",2025,20,0,0,"no",0.0581673306772908,"no"
"DISTRICT OF COLUMBIA","South",2025,21,0,0,"no",0.0581673306772908,"no"
"DISTRICT OF COLUMBIA","South",2025,22,0,0,"no",0.0581673306772908,"no"
"DISTRICT OF COLUMBIA","South",2025,23,0,0,"no",0.0581673306772908,"no"
"DISTRICT OF COLUMBIA","South",2025,24,0,0,"no",0.0581673306772908,"no"
"DISTRICT OF COLUMBIA","South",2025,25,0,0,"no",0.0581673306772908,"no"
"DISTRICT OF COLUMBIA","South",2025,26,0,0,"no",0.0581673306772908,"no"
"DISTRICT OF COLUMBIA","South",2025,27,0,0,"no",0.0581673306772908,"no"
"DISTRICT OF COLUMBIA","South",2025,28,0,0,"no",0.0581673306772908,"no"
"DISTRICT OF COLUMBIA","South",2025,29,0,0,"no",0.0581673306772908,"no"
"DISTRICT OF COLUMBIA","South",2025,30,0,0,"no",0.0581673306772908,"no"
"DISTRICT OF COLUMBIA","South",2025,31,0,0,"no",0.0581673306772908,"no"
"DISTRICT OF COLUMBIA","South",2025,32,0,0,"no",0.0581673306772908,"no"
"DISTRICT OF COLUMBIA","South",2025,33,0,0,"no",0.0581673306772908,"no"
"DISTRICT OF COLUMBIA","South",2025,34,0,0,"no",0.0581673306772908,"no"
"DISTRICT OF COLUMBIA","South",2025,35,0,0,"no",0.0581673306772908,"no"
"DISTRICT OF COLUMBIA","South",2025,36,0,0,"no",0.0581673306772908,"no"
"DISTRICT OF COLUMBIA","South",2025,37,0,0,"no",0.0581673306772908,"no"
"DISTRICT OF COLUMBIA","South",2025,38,0,0,"no",0.0581673306772908,"no"
"DISTRICT OF COLUMBIA","South",2025,39,0,0,"no",0.0581673306772908,"no"
"DISTRICT OF COLUMBIA","South",2025,40,0,0,"no",0.0581673306772908,"no"
"DISTRICT OF COLUMBIA","South",2025,41,0,0,"no",0.0581673306772908,"no"
"DISTRICT OF COLUMBIA","South",2025,42,0,0,"no",0.0581673306772908,"no"
"DISTRICT OF COLUMBIA","South",2025,43,0,0,"no",0.0581673306772908,"no"
"DISTRICT OF COLUMBIA","South",2025,44,0,0,"no",0.0581673306772908,"no"
"FLORIDA","South",2025,18,0,0,"no",0.0581673306772908,"no"
"FLORIDA","South",2025,19,0,0,"no",0.0581673306772908,"no"
"FLORIDA","South",2025,20,0,0,"no",0.0581673306772908,"no"
"FLORIDA","South",2025,21,0,0,"no",0.0581673306772908,"no"
"FLORIDA","South",2025,22,0,0,"no",0.0581673306772908,"no"
"FLORIDA","South",2025,23,0,0,"no",0.0581673306772908,"no"
"FLORIDA","South",2025,24,0,0,"no",0.0581673306772908,"no"
"FLORIDA","South",2025,25,0,0,"no",0.0581673306772908,"no"
"FLORIDA","South",2025,26,0,0,"no",0.0581673306772908,"no"
"FLORIDA","South",2025,27,0,0,"no",0.0581673306772908,"no"
"FLORIDA","South",2025,28,0,0,"no",0.0581673306772908,"no"
"FLORIDA","South",2025,29,0,0,"no",0.0581673306772908,"no"
"FLORIDA","South",2025,30,0,0,"no",0.0581673306772908,"no"
"FLORIDA","South",2025,31,0,0,"no",0.0581673306772908,"no"
"FLORIDA","South",2025,32,0,0,"yes",0.0581673306772908,"no"
"FLORIDA","South",2025,33,0,0,"yes",0.0581673306772908,"no"
"FLORIDA","South",2025,34,0,0,"yes",0.0581673306772908,"no"
"FLORIDA","South",2025,35,0,0,"yes",0.0581673306772908,"no"
"FLORIDA","South",2025,36,0,0,"yes",0.0581673306772908,"no"
"FLORIDA","South",2025,37,1,1,"yes",0.515463917525773,"yes"
"FLORIDA","South",2025,38,1,1,"no",0.128205128205128,"no"
"FLORIDA","South",2025,39,2,2,"no",0.785234899328859,"yes"
"FLORIDA","South",2025,40,2,2,"no",0.785234899328859,"yes"
"FLORIDA","South",2025,41,1,2,"no",0.128205128205128,"no"
"FLORIDA","South",2025,42,1,2,"no",0.128205128205128,"no"
"FLORIDA","South",2025,43,0,2,"no",0.0581673306772908,"no"
"FLORIDA","South",2025,44,0,2,"no",0.0581673306772908,"no"
"GEORGIA","South",2025,18,0,0,"no",0.0581673306772908,"no"
"GEORGIA","South",2025,19,0,0,"no",0.0581673306772908,"no"
"GEORGIA","South",2025,20,0,0,"no",0.0581673306772908,"no"
"GEORGIA","South",2025,21,0,0,"no",0.0581673306772908,"no"
"GEORGIA","South",2025,22,0,0,"no",0.0581673306772908,"no"
"GEORGIA","South",2025,23,0,0,"no",0.0581673306772908,"no"
"GEORGIA","South",2025,24,0,0,"no",0.0581673306772908,"no"
"GEORGIA","South",2025,25,0,0,"no",0.0581673306772908,"no"
"GEORGIA","South",2025,26,0,0,"no",0.0581673306772908,"no"
"GEORGIA","South",2025,27,0,0,"no",0.0581673306772908,"no"
"GEORGIA","South",2025,28,0,0,"no",0.0581673306772908,"no"
"GEORGIA","South",2025,29,0,0,"no",0.0581673306772908,"no"
"GEORGIA","South",2025,30,0,0,"no",0.0581673306772908,"no"
"GEORGIA","South",2025,31,0,0,"no",0.0581673306772908,"no"
"GEORGIA","South",2025,32,0,0,"no",0.0581673306772908,"no"
"GEORGIA","South",2025,33,0,0,"no",0.0581673306772908,"no"
"GEORGIA","South",2025,34,0,0,"no",0.0581673306772908,"no"
"GEORGIA","South",2025,35,0,0,"no",0.0581673306772908,"no"
"GEORGIA","South",2025,36,0,0,"no",0.0581673306772908,"no"
"GEORGIA","South",2025,37,0,0,"no",0.0581673306772908,"no"
"GEORGIA","South",2025,38,0,0,"no",0.0581673306772908,"no"
"GEORGIA","South",2025,39,0,0,"no",0.0581673306772908,"no"
"GEORGIA","South",2025,40,0,0,"no",0.0581673306772908,"no"
"GEORGIA","South",2025,41,0,0,"no",0.0581673306772908,"no"
"GEORGIA","South",2025,42,0,0,"no",0.0581673306772908,"no"
"GEORGIA","South",2025,43,0,0,"no",0.0581673306772908,"no"
"GEORGIA","South",2025,44,0,0,"no",0.0581673306772908,"no"
"HAWAII","West",2025,18,0,0,"no",0.0581673306772908,"no"
"HAWAII","West",2025,19,0,0,"no",0.0581673306772908,"no"
"HAWAII","West",2025,20,0,0,"no",0.0581673306772908,"no"
"HAWAII","West",2025,21,0,0,"no",0.0581673306772908,"no"
"HAWAII","West",2025,22,0,0,"no",0.0581673306772908,"no"
"HAWAII","West",2025,23,0,0,"no",0.0581673306772908,"no"
"HAWAII","West",2025,24,0,0,"no",0.0581673306772908,"no"
"HAWAII","West",2025,25,0,0,"no",0.0581673306772908,"no"
"HAWAII","West",2025,26,0,0,"no",0.0581673306772908,"no"
"HAWAII","West",2025,27,0,0,"no",0.0581673306772908,"no"
"HAWAII","West",2025,28,0,0,"no",0.0581673306772908,"no"
"HAWAII","West",2025,29,0,0,"no",0.0581673306772908,"no"
"HAWAII","West",2025,30,0,0,"no",0.0581673306772908,"no"
"HAWAII","West",2025,31,0,0,"no",0.0581673306772908,"no"
"HAWAII","West",2025,32,0,0,"no",0.0581673306772908,"no"
"HAWAII","West",2025,33,0,0,"no",0.0581673306772908,"no"
"HAWAII","West",2025,34,0,0,"no",0.0581673306772908,"no"
"HAWAII","West",2025,35,0,0,"no",0.0581673306772908,"no"
"HAWAII","West",2025,36,0,0,"no",0.0581673306772908,"no"
"HAWAII","West",2025,37,0,0,"no",0.0581673306772908,"no"
"HAWAII","West",2025,38,0,0,"no",0.0581673306772908,"no"
"HAWAII","West",2025,39,0,0,"no",0.0581673306772908,"no"
"HAWAII","West",2025,40,0,0,"no",0.0581673306772908,"no"
"HAWAII","West",2025,41,0,0,"no",0.0581673306772908,"no"
"HAWAII","West",2025,42,0,0,"no",0.0581673306772908,"no"
"HAWAII","West",2025,43,0,0,"no",0.0581673306772908,"no"
"HAWAII","West",2025,44,0,0,"no",0.0581673306772908,"no"
"IDAHO","West",2025,18,0,0,"no",0.0581673306772908,"no"
"IDAHO","West",2025,19,0,0,"no",0.0581673306772908,"no"
"IDAHO","West",2025,20,0,0,"no",0.0581673306772908,"no"
"IDAHO","West",2025,21,0,0,"no",0.0581673306772908,"no"
"IDAHO","West",2025,22,0,0,"no",0.0581673306772908,"no"
"IDAHO","West",2025,23,0,0,"no",0.0581673306772908,"no"
"IDAHO","West",2025,24,0,0,"no",0.0581673306772908,"no"
"IDAHO","West",2025,25,0,0,"no",0.0581673306772908,"no"
"IDAHO","West",2025,26,0,0,"no",0.0581673306772908,"no"
"IDAHO","West",2025,27,0,0,"no",0.0581673306772908,"no"
"IDAHO","West",2025,28,0,0,"no",0.0581673306772908,"no"
"IDAHO","West",2025,29,0,0,"yes",0.0581673306772908,"no"
"IDAHO","West",2025,30,0,0,"yes",0.0581673306772908,"no"
"IDAHO","West",2025,31,0,0,"yes",0.0581673306772908,"no"
"IDAHO","West",2025,32,0,0,"yes",0.0581673306772908,"no"
"IDAHO","West",2025,33,0,0,"yes",0.0581673306772908,"no"
"IDAHO","West",2025,34,1,1,"yes",0.515463917525773,"yes"
"IDAHO","West",2025,35,1,1,"yes",0.515463917525773,"yes"
"IDAHO","West",2025,36,1,1,"yes",0.515463917525773,"yes"
"IDAHO","West",2025,37,1,1,"yes",0.515463917525773,"yes"
"IDAHO","West",2025,38,1,2,"yes",0.128205128205128,"no"
"IDAHO","West",2025,39,1,2,"yes",0.128205128205128,"no"
"IDAHO","West",2025,40,1,2,"no",0.128205128205128,"no"
"IDAHO","West",2025,41,2,3,"no",0.785234899328859,"yes"
"IDAHO","West",2025,42,1,2,"no",0.128205128205128,"no"
"IDAHO","West",2025,43,1,2,"no",0.128205128205128,"no"
"IDAHO","West",2025,44,1,2,"no",0.128205128205128,"no"
"ILLINOIS","North Central",2025,18,0,0,"no",0.0581673306772908,"no"
"ILLINOIS","North Central",2025,19,0,0,"no",0.0581673306772908,"no"
"ILLINOIS","North Central",2025,20,0,0,"no",0.0581673306772908,"no"
"ILLINOIS","North Central",2025,21,0,0,"no",0.0581673306772908,"no"
"ILLINOIS","North Central",2025,22,0,0,"no",0.0581673306772908,"no"
"ILLINOIS","North Central",2025,23,0,0,"no",0.0581673306772908,"no"
"ILLINOIS","North Central",2025,24,0,0,"no",0.0581673306772908,"no"
"ILLINOIS","North Central",2025,25,0,0,"no",0.0581673306772908,"no"
"ILLINOIS","North Central",2025,26,0,0,"no",0.0581673306772908,"no"
"ILLINOIS","North Central",2025,27,0,0,"no",0.0581673306772908,"no"
"ILLINOIS","North Central",2025,28,0,0,"no",0.0581673306772908,"no"
"ILLINOIS","North Central",2025,29,0,0,"no",0.0581673306772908,"no"
"ILLINOIS","North Central",2025,30,0,0,"no",0.0581673306772908,"no"
"ILLINOIS","North Central",2025,31,0,0,"no",0.0581673306772908,"no"
"ILLINOIS","North Central",2025,32,0,0,"no",0.0581673306772908,"no"
"ILLINOIS","North Central",2025,33,0,0,"no",0.0581673306772908,"no"
"ILLINOIS","North Central",2025,34,0,0,"no",0.0581673306772908,"no"
"ILLINOIS","North Central",2025,35,0,0,"no",0.0581673306772908,"no"
"ILLINOIS","North Central",2025,36,0,0,"no",0.0581673306772908,"no"
"ILLINOIS","North Central",2025,37,0,0,"no",0.0581673306772908,"no"
"ILLINOIS","North Central",2025,38,0,0,"no",0.0581673306772908,"no"
"ILLINOIS","North Central",2025,39,0,0,"no",0.0581673306772908,"no"
"ILLINOIS","North Central",2025,40,0,0,"no",0.0581673306772908,"no"
"ILLINOIS","North Central",2025,41,0,0,"no",0.0581673306772908,"no"
"ILLINOIS","North Central",2025,42,0,0,"no",0.0581673306772908,"no"
"ILLINOIS","North Central",2025,43,0,0,"no",0.0581673306772908,"no"
"ILLINOIS","North Central",2025,44,0,0,"no",0.0581673306772908,"no"
"INDIANA","North Central",2025,18,0,0,"no",0.0581673306772908,"no"
"INDIANA","North Central",2025,19,0,0,"no",0.0581673306772908,"no"
"INDIANA","North Central",2025,20,0,0,"no",0.0581673306772908,"no"
"INDIANA","North Central",2025,21,0,0,"no",0.0581673306772908,"no"
"INDIANA","North Central",2025,22,0,0,"no",0.0581673306772908,"no"
"INDIANA","North Central",2025,23,0,0,"no",0.0581673306772908,"no"
"INDIANA","North Central",2025,24,0,0,"no",0.0581673306772908,"no"
"INDIANA","North Central",2025,25,0,0,"yes",0.0581673306772908,"no"
"INDIANA","North Central",2025,26,0,0,"yes",0.0581673306772908,"no"
"INDIANA","North Central",2025,27,0,0,"yes",0.0581673306772908,"no"
"INDIANA","North Central",2025,28,0,0,"yes",0.0581673306772908,"no"
"INDIANA","North Central",2025,29,0,0,"no",0.0581673306772908,"no"
"INDIANA","North Central",2025,30,1,1,"no",0.515463917525773,"yes"
"INDIANA","North Central",2025,31,1,1,"no",0.515463917525773,"yes"
"INDIANA","North Central",2025,32,1,1,"no",0.515463917525773,"yes"
"INDIANA","North Central",2025,33,1,1,"no",0.515463917525773,"yes"
"INDIANA","North Central",2025,34,0,1,"no",0.0581673306772908,"no"
"INDIANA","North Central",2025,35,0,1,"no",0.0581673306772908,"no"
"INDIANA","North Central",2025,36,0,1,"no",0.0581673306772908,"no"
"INDIANA","North Central",2025,37,0,1,"no",0.0581673306772908,"no"
"INDIANA","North Central",2025,38,0,0,"no",0.0581673306772908,"no"
"INDIANA","North Central",2025,39,0,0,"no",0.0581673306772908,"no"
"INDIANA","North Central",2025,40,0,0,"no",0.0581673306772908,"no"
"INDIANA","North Central",2025,41,0,0,"no",0.0581673306772908,"no"
"INDIANA","North Central",2025,42,0,0,"no",0.0581673306772908,"no"
"INDIANA","North Central",2025,43,0,0,"no",0.0581673306772908,"no"
"INDIANA","North Central",2025,44,0,0,"no",0.0581673306772908,"no"
"IOWA","North Central",2025,18,0,0,"no",0.0581673306772908,"no"
"IOWA","North Central",2025,19,0,0,"no",0.0581673306772908,"no"
"IOWA","North Central",2025,20,0,0,"no",0.0581673306772908,"no"
"IOWA","North Central",2025,21,0,0,"no",0.0581673306772908,"no"
"IOWA","North Central",2025,22,0,0,"no",0.0581673306772908,"no"
"IOWA","North Central",2025,23,0,0,"no",0.0581673306772908,"no"
"IOWA","North Central",2025,24,0,0,"no",0.0581673306772908,"no"
"IOWA","North Central",2025,25,0,0,"no",0.0581673306772908,"no"
"IOWA","North Central",2025,26,0,0,"no",0.0581673306772908,"no"
"IOWA","North Central",2025,27,0,0,"no",0.0581673306772908,"no"
"IOWA","North Central",2025,28,0,0,"no",0.0581673306772908,"no"
"IOWA","North Central",2025,29,0,0,"no",0.0581673306772908,"no"
"IOWA","North Central",2025,30,0,0,"no",0.0581673306772908,"no"
"IOWA","North Central",2025,31,0,0,"no",0.0581673306772908,"no"
"IOWA","North Central",2025,32,0,0,"no",0.0581673306772908,"no"
"IOWA","North Central",2025,33,0,0,"no",0.0581673306772908,"no"
"IOWA","North Central",2025,34,0,0,"no",0.0581673306772908,"no"
"IOWA","North Central",2025,35,0,0,"no",0.0581673306772908,"no"
"IOWA","North Central",2025,36,0,0,"no",0.0581673306772908,"no"
"IOWA","North Central",2025,37,0,0,"no",0.0581673306772908,"no"
"IOWA","North Central",2025,38,0,0,"no",0.0581673306772908,"no"
"IOWA","North Central",2025,39,0,0,"no",0.0581673306772908,"no"
"IOWA","North Central",2025,40,0,0,"no",0.0581673306772908,"no"
"IOWA","North Central",2025,41,0,0,"no",0.0581673306772908,"no"
"IOWA","North Central",2025,42,0,0,"no",0.0581673306772908,"no"
"IOWA","North Central",2025,43,0,0,"no",0.0581673306772908,"no"
"IOWA","North Central",2025,44,0,0,"no",0.0581673306772908,"no"
"KANSAS","North Central",2025,18,0,0,"no",0.0581673306772908,"no"
"KANSAS","North Central",2025,19,0,0,"no",0.0581673306772908,"no"
"KANSAS","North Central",2025,20,0,0,"no",0.0581673306772908,"no"
"KANSAS","North Central",2025,21,0,0,"no",0.0581673306772908,"no"
"KANSAS","North Central",2025,22,0,0,"no",0.0581673306772908,"no"
"KANSAS","North Central",2025,23,0,0,"no",0.0581673306772908,"no"
"KANSAS","North Central",2025,24,0,0,"no",0.0581673306772908,"no"
"KANSAS","North Central",2025,25,0,0,"no",0.0581673306772908,"no"
"KANSAS","North Central",2025,26,0,0,"no",0.0581673306772908,"no"
"KANSAS","North Central",2025,27,0,0,"no",0.0581673306772908,"no"
"KANSAS","North Central",2025,28,0,0,"no",0.0581673306772908,"no"
"KANSAS","North Central",2025,29,0,0,"no",0.0581673306772908,"no"
"KANSAS","North Central",2025,30,0,0,"no",0.0581673306772908,"no"
"KANSAS","North Central",2025,31,0,0,"no",0.0581673306772908,"no"
"KANSAS","North Central",2025,32,0,0,"no",0.0581673306772908,"no"
"KANSAS","North Central",2025,33,0,0,"no",0.0581673306772908,"no"
"KANSAS","North Central",2025,34,0,0,"no",0.0581673306772908,"no"
"KANSAS","North Central",2025,35,0,0,"no",0.0581673306772908,"no"
"KANSAS","North Central",2025,36,0,0,"no",0.0581673306772908,"no"
"KANSAS","North Central",2025,37,0,0,"no",0.0581673306772908,"no"
"KANSAS","North Central",2025,38,0,0,"no",0.0581673306772908,"no"
"KANSAS","North Central",2025,39,0,0,"no",0.0581673306772908,"no"
"KANSAS","North Central",2025,40,0,0,"no",0.0581673306772908,"no"
"KANSAS","North Central",2025,41,0,0,"no",0.0581673306772908,"no"
"KANSAS","North Central",2025,42,0,0,"no",0.0581673306772908,"no"
"KANSAS","North Central",2025,43,0,0,"no",0.0581673306772908,"no"
"KANSAS","North Central",2025,44,0,0,"no",0.0581673306772908,"no"
"KENTUCKY","South",2025,18,0,0,"no",0.0581673306772908,"no"
"KENTUCKY","South",2025,19,0,0,"no",0.0581673306772908,"no"
"KENTUCKY","South",2025,20,0,0,"no",0.0581673306772908,"no"
"KENTUCKY","South",2025,21,0,0,"no",0.0581673306772908,"no"
"KENTUCKY","South",2025,22,0,0,"no",0.0581673306772908,"no"
"KENTUCKY","South",2025,23,0,0,"no",0.0581673306772908,"no"
"KENTUCKY","South",2025,24,0,0,"no",0.0581673306772908,"no"
"KENTUCKY","South",2025,25,0,0,"no",0.0581673306772908,"no"
"KENTUCKY","South",2025,26,0,0,"no",0.0581673306772908,"no"
"KENTUCKY","South",2025,27,0,0,"no",0.0581673306772908,"no"
"KENTUCKY","South",2025,28,0,0,"no",0.0581673306772908,"no"
"KENTUCKY","South",2025,29,0,0,"no",0.0581673306772908,"no"
"KENTUCKY","South",2025,30,0,0,"no",0.0581673306772908,"no"
"KENTUCKY","South",2025,31,0,0,"no",0.0581673306772908,"no"
"KENTUCKY","South",2025,32,0,0,"no",0.0581673306772908,"no"
"KENTUCKY","South",2025,33,0,0,"no",0.0581673306772908,"no"
"KENTUCKY","South",2025,34,0,0,"no",0.0581673306772908,"no"
"KENTUCKY","South",2025,35,0,0,"no",0.0581673306772908,"no"
"KENTUCKY","South",2025,36,0,0,"no",0.0581673306772908,"no"
"KENTUCKY","South",2025,37,0,0,"no",0.0581673306772908,"no"
"KENTUCKY","South",2025,38,0,0,"no",0.0581673306772908,"no"
"KENTUCKY","South",2025,39,0,0,"no",0.0581673306772908,"no"
"KENTUCKY","South",2025,40,0,0,"no",0.0581673306772908,"no"
"KENTUCKY","South",2025,41,0,0,"no",0.0581673306772908,"no"
"KENTUCKY","South",2025,42,0,0,"no",0.0581673306772908,"no"
"KENTUCKY","South",2025,43,0,0,"no",0.0581673306772908,"no"
"KENTUCKY","South",2025,44,0,0,"no",0.0581673306772908,"no"
"LOUISIANA","South",2025,18,0,0,"no",0.0581673306772908,"no"
"LOUISIANA","South",2025,19,0,0,"no",0.0581673306772908,"no"
"LOUISIANA","South",2025,20,0,0,"no",0.0581673306772908,"no"
"LOUISIANA","South",2025,21,0,0,"no",0.0581673306772908,"no"
"LOUISIANA","South",2025,22,0,0,"no",0.0581673306772908,"no"
"LOUISIANA","South",2025,23,0,0,"no",0.0581673306772908,"no"
"LOUISIANA","South",2025,24,0,0,"no",0.0581673306772908,"no"
"LOUISIANA","South",2025,25,0,0,"no",0.0581673306772908,"no"
"LOUISIANA","South",2025,26,0,0,"no",0.0581673306772908,"no"
"LOUISIANA","South",2025,27,0,0,"no",0.0581673306772908,"no"
"LOUISIANA","South",2025,28,0,0,"no",0.0581673306772908,"no"
"LOUISIANA","South",2025,29,0,0,"no",0.0581673306772908,"no"
"LOUISIANA","South",2025,30,0,0,"yes",0.0581673306772908,"no"
"LOUISIANA","South",2025,31,0,0,"yes",0.0581673306772908,"no"
"LOUISIANA","South",2025,32,0,0,"yes",0.0581673306772908,"no"
"LOUISIANA","South",2025,33,0,0,"yes",0.0581673306772908,"no"
"LOUISIANA","South",2025,34,0,0,"no",0.0581673306772908,"no"
"LOUISIANA","South",2025,35,1,1,"yes",0.515463917525773,"yes"
"LOUISIANA","South",2025,36,1,1,"yes",0.515463917525773,"yes"
"LOUISIANA","South",2025,37,1,1,"yes",0.515463917525773,"yes"
"LOUISIANA","South",2025,38,1,1,"yes",0.128205128205128,"no"
"LOUISIANA","South",2025,39,0,1,"yes",0.0581673306772908,"no"
"LOUISIANA","South",2025,40,1,2,"yes",0.128205128205128,"no"
"LOUISIANA","South",2025,41,1,2,"yes",0.128205128205128,"no"
"LOUISIANA","South",2025,42,1,2,"no",0.128205128205128,"no"
"LOUISIANA","South",2025,43,2,2,"no",0.404761904761905,"no"
"LOUISIANA","South",2025,44,1,2,"no",0.128205128205128,"no"
"MAINE","Northeast",2025,18,0,0,"no",0.0581673306772908,"no"
"MAINE","Northeast",2025,19,0,0,"no",0.0581673306772908,"no"
"MAINE","Northeast",2025,20,0,0,"no",0.0581673306772908,"no"
"MAINE","Northeast",2025,21,0,0,"no",0.0581673306772908,"no"
"MAINE","Northeast",2025,22,0,0,"no",0.0581673306772908,"no"
"MAINE","Northeast",2025,23,0,0,"no",0.0581673306772908,"no"
"MAINE","Northeast",2025,24,0,0,"no",0.0581673306772908,"no"
"MAINE","Northeast",2025,25,0,0,"no",0.0581673306772908,"no"
"MAINE","Northeast",2025,26,0,0,"no",0.0581673306772908,"no"
"MAINE","Northeast",2025,27,0,0,"no",0.0581673306772908,"no"
"MAINE","Northeast",2025,28,0,0,"no",0.0581673306772908,"no"
"MAINE","Northeast",2025,29,0,0,"no",0.0581673306772908,"no"
"MAINE","Northeast",2025,30,0,0,"no",0.0581673306772908,"no"
"MAINE","Northeast",2025,31,0,0,"no",0.0581673306772908,"no"
"MAINE","Northeast",2025,32,0,0,"no",0.0581673306772908,"no"
"MAINE","Northeast",2025,33,0,0,"no",0.0581673306772908,"no"
"MAINE","Northeast",2025,34,0,0,"no",0.0581673306772908,"no"
"MAINE","Northeast",2025,35,0,0,"no",0.0581673306772908,"no"
"MAINE","Northeast",2025,36,0,0,"no",0.0581673306772908,"no"
"MAINE","Northeast",2025,37,0,0,"no",0.0581673306772908,"no"
"MAINE","Northeast",2025,38,0,0,"no",0.0581673306772908,"no"
"MAINE","Northeast",2025,39,0,0,"no",0.0581673306772908,"no"
"MAINE","Northeast",2025,40,0,0,"no",0.0581673306772908,"no"
"MAINE","Northeast",2025,41,0,0,"no",0.0581673306772908,"no"
"MAINE","Northeast",2025,42,0,0,"no",0.0581673306772908,"no"
"MAINE","Northeast",2025,43,0,0,"no",0.0581673306772908,"no"
"MAINE","Northeast",2025,44,0,0,"no",0.0581673306772908,"no"
"MARYLAND","South",2025,18,0,0,"no",0.0581673306772908,"no"
"MARYLAND","South",2025,19,0,0,"no",0.0581673306772908,"no"
"MARYLAND","South",2025,20,0,0,"no",0.0581673306772908,"no"
"MARYLAND","South",2025,21,0,0,"no",0.0581673306772908,"no"
"MARYLAND","South",2025,22,0,0,"no",0.0581673306772908,"no"
"MARYLAND","South",2025,23,0,0,"no",0.0581673306772908,"no"
"MARYLAND","South",2025,24,0,0,"no",0.0581673306772908,"no"
"MARYLAND","South",2025,25,0,0,"no",0.0581673306772908,"no"
"MARYLAND","South",2025,26,0,0,"no",0.0581673306772908,"no"
"MARYLAND","South",2025,27,0,0,"no",0.0581673306772908,"no"
"MARYLAND","South",2025,28,0,0,"no",0.0581673306772908,"no"
"MARYLAND","South",2025,29,0,0,"no",0.0581673306772908,"no"
"MARYLAND","South",2025,30,0,0,"no",0.0581673306772908,"no"
"MARYLAND","South",2025,31,0,0,"yes",0.0581673306772908,"no"
"MARYLAND","South",2025,32,0,0,"yes",0.0581673306772908,"no"
"MARYLAND","South",2025,33,0,0,"yes",0.0581673306772908,"no"
"MARYLAND","South",2025,34,0,0,"yes",0.0581673306772908,"no"
"MARYLAND","South",2025,35,0,0,"yes",0.0581673306772908,"no"
"MARYLAND","South",2025,36,1,1,"yes",0.515463917525773,"yes"
"MARYLAND","South",2025,37,2,2,"yes",0.785234899328859,"yes"
"MARYLAND","South",2025,38,3,3,"yes",0.785234899328859,"yes"
"MARYLAND","South",2025,39,3,3,"yes",0.785234899328859,"yes"
"MARYLAND","South",2025,40,6,4,"yes",0.785234899328859,"yes"
"MARYLAND","South",2025,41,8,5,"yes",0.785234899328859,"yes"
"MARYLAND","South",2025,42,8,6,"yes",0.404761904761905,"no"
"MARYLAND","South",2025,43,8,6,"yes",0.404761904761905,"no"
"MARYLAND","South",2025,44,4,5,"yes",0.404761904761905,"no"
"MASSACHUSETTS","Northeast",2025,18,0,0,"no",0.0581673306772908,"no"
"MASSACHUSETTS","Northeast",2025,19,0,0,"no",0.0581673306772908,"no"
"MASSACHUSETTS","Northeast",2025,20,0,0,"no",0.0581673306772908,"no"
"MASSACHUSETTS","Northeast",2025,21,0,0,"no",0.0581673306772908,"no"
"MASSACHUSETTS","Northeast",2025,22,0,0,"no",0.0581673306772908,"no"
"MASSACHUSETTS","Northeast",2025,23,0,0,"no",0.0581673306772908,"no"
"MASSACHUSETTS","Northeast",2025,24,0,0,"no",0.0581673306772908,"no"
"MASSACHUSETTS","Northeast",2025,25,0,0,"no",0.0581673306772908,"no"
"MASSACHUSETTS","Northeast",2025,26,0,0,"no",0.0581673306772908,"no"
"MASSACHUSETTS","Northeast",2025,27,0,0,"no",0.0581673306772908,"no"
"MASSACHUSETTS","Northeast",2025,28,0,0,"no",0.0581673306772908,"no"
"MASSACHUSETTS","Northeast",2025,29,0,0,"no",0.0581673306772908,"no"
"MASSACHUSETTS","Northeast",2025,30,0,0,"no",0.0581673306772908,"no"
"MASSACHUSETTS","Northeast",2025,31,0,0,"no",0.0581673306772908,"no"
"MASSACHUSETTS","Northeast",2025,32,0,0,"no",0.0581673306772908,"no"
"MASSACHUSETTS","Northeast",2025,33,0,0,"no",0.0581673306772908,"no"
"MASSACHUSETTS","Northeast",2025,34,0,0,"no",0.0581673306772908,"no"
"MASSACHUSETTS","Northeast",2025,35,0,0,"no",0.0581673306772908,"no"
"MASSACHUSETTS","Northeast",2025,36,0,0,"no",0.0581673306772908,"no"
"MASSACHUSETTS","Northeast",2025,37,0,0,"no",0.0581673306772908,"no"
"MASSACHUSETTS","Northeast",2025,38,0,0,"no",0.0581673306772908,"no"
"MASSACHUSETTS","Northeast",2025,39,0,0,"no",0.0581673306772908,"no"
"MASSACHUSETTS","Northeast",2025,40,0,0,"no",0.0581673306772908,"no"
"MASSACHUSETTS","Northeast",2025,41,0,0,"no",0.0581673306772908,"no"
"MASSACHUSETTS","Northeast",2025,42,0,0,"no",0.0581673306772908,"no"
"MASSACHUSETTS","Northeast",2025,43,0,0,"no",0.0581673306772908,"no"
"MASSACHUSETTS","Northeast",2025,44,0,0,"no",0.0581673306772908,"no"
"MICHIGAN","North Central",2025,18,0,1,"no",0.0581673306772908,"no"
"MICHIGAN","North Central",2025,19,0,0,"no",0.0581673306772908,"no"
"MICHIGAN","North Central",2025,20,0,0,"no",0.0581673306772908,"no"
"MICHIGAN","North Central",2025,21,0,0,"no",0.0581673306772908,"no"
"MICHIGAN","North Central",2025,22,0,0,"no",0.0581673306772908,"no"
"MICHIGAN","North Central",2025,23,0,0,"no",0.0581673306772908,"no"
"MICHIGAN","North Central",2025,24,0,0,"no",0.0581673306772908,"no"
"MICHIGAN","North Central",2025,25,0,0,"no",0.0581673306772908,"no"
"MICHIGAN","North Central",2025,26,0,0,"no",0.0581673306772908,"no"
"MICHIGAN","North Central",2025,27,0,0,"no",0.0581673306772908,"no"
"MICHIGAN","North Central",2025,28,0,0,"no",0.0581673306772908,"no"
"MICHIGAN","North Central",2025,29,0,0,"no",0.0581673306772908,"no"
"MICHIGAN","North Central",2025,30,0,0,"no",0.0581673306772908,"no"
"MICHIGAN","North Central",2025,31,0,0,"no",0.0581673306772908,"no"
"MICHIGAN","North Central",2025,32,0,0,"no",0.0581673306772908,"no"
"MICHIGAN","North Central",2025,33,0,0,"no",0.0581673306772908,"no"
"MICHIGAN","North Central",2025,34,0,0,"no",0.0581673306772908,"no"
"MICHIGAN","North Central",2025,35,0,0,"no",0.0581673306772908,"no"
"MICHIGAN","North Central",2025,36,0,0,"no",0.0581673306772908,"no"
"MICHIGAN","North Central",2025,37,0,0,"no",0.0581673306772908,"no"
"MICHIGAN","North Central",2025,38,0,0,"no",0.0581673306772908,"no"
"MICHIGAN","North Central",2025,39,0,0,"no",0.0581673306772908,"no"
"MICHIGAN","North Central",2025,40,0,0,"no",0.0581673306772908,"no"
"MICHIGAN","North Central",2025,41,0,0,"no",0.0581673306772908,"no"
"MICHIGAN","North Central",2025,42,0,0,"no",0.0581673306772908,"no"
"MICHIGAN","North Central",2025,43,0,0,"no",0.0581673306772908,"no"
"MICHIGAN","North Central",2025,44,0,0,"no",0.0581673306772908,"no"
"MINNESOTA","North Central",2025,18,0,0,"no",0.0581673306772908,"no"
"MINNESOTA","North Central",2025,19,0,0,"no",0.0581673306772908,"no"
"MINNESOTA","North Central",2025,20,0,0,"no",0.0581673306772908,"no"
"MINNESOTA","North Central",2025,21,0,0,"no",0.0581673306772908,"no"
"MINNESOTA","North Central",2025,22,0,0,"no",0.0581673306772908,"no"
"MINNESOTA","North Central",2025,23,0,0,"no",0.0581673306772908,"no"
"MINNESOTA","North Central",2025,24,0,0,"no",0.0581673306772908,"no"
"MINNESOTA","North Central",2025,25,0,0,"no",0.0581673306772908,"no"
"MINNESOTA","North Central",2025,26,0,0,"no",0.0581673306772908,"no"
"MINNESOTA","North Central",2025,27,0,0,"no",0.0581673306772908,"no"
"MINNESOTA","North Central",2025,28,0,0,"no",0.0581673306772908,"no"
"MINNESOTA","North Central",2025,29,0,0,"no",0.0581673306772908,"no"
"MINNESOTA","North Central",2025,30,0,0,"no",0.0581673306772908,"no"
"MINNESOTA","North Central",2025,31,0,0,"no",0.0581673306772908,"no"
"MINNESOTA","North Central",2025,32,0,0,"no",0.0581673306772908,"no"
"MINNESOTA","North Central",2025,33,0,0,"no",0.0581673306772908,"no"
"MINNESOTA","North Central",2025,34,0,0,"no",0.0581673306772908,"no"
"MINNESOTA","North Central",2025,35,0,0,"no",0.0581673306772908,"no"
"MINNESOTA","North Central",2025,36,0,0,"no",0.0581673306772908,"no"
"MINNESOTA","North Central",2025,37,0,0,"no",0.0581673306772908,"no"
"MINNESOTA","North Central",2025,38,0,0,"no",0.0581673306772908,"no"
"MINNESOTA","North Central",2025,39,0,0,"no",0.0581673306772908,"no"
"MINNESOTA","North Central",2025,40,0,0,"no",0.0581673306772908,"no"
"MINNESOTA","North Central",2025,41,0,0,"no",0.0581673306772908,"no"
"MINNESOTA","North Central",2025,42,0,0,"no",0.0581673306772908,"no"
"MINNESOTA","North Central",2025,43,0,0,"no",0.0581673306772908,"no"
"MINNESOTA","North Central",2025,44,0,0,"no",0.0581673306772908,"no"
"MISSISSIPPI","South",2025,18,0,0,"no",0.0581673306772908,"no"
"MISSISSIPPI","South",2025,19,0,0,"no",0.0581673306772908,"no"
"MISSISSIPPI","South",2025,20,0,0,"no",0.0581673306772908,"no"
"MISSISSIPPI","South",2025,21,0,0,"no",0.0581673306772908,"no"
"MISSISSIPPI","South",2025,22,0,0,"no",0.0581673306772908,"no"
"MISSISSIPPI","South",2025,23,0,0,"no",0.0581673306772908,"no"
"MISSISSIPPI","South",2025,24,0,0,"no",0.0581673306772908,"no"
"MISSISSIPPI","South",2025,25,0,0,"no",0.0581673306772908,"no"
"MISSISSIPPI","South",2025,26,0,0,"no",0.0581673306772908,"no"
"MISSISSIPPI","South",2025,27,0,0,"no",0.0581673306772908,"no"
"MISSISSIPPI","South",2025,28,0,0,"no",0.0581673306772908,"no"
"MISSISSIPPI","South",2025,29,0,0,"no",0.0581673306772908,"no"
"MISSISSIPPI","South",2025,30,0,0,"no",0.0581673306772908,"no"
"MISSISSIPPI","South",2025,31,0,0,"no",0.0581673306772908,"no"
"MISSISSIPPI","South",2025,32,0,0,"no",0.0581673306772908,"no"
"MISSISSIPPI","South",2025,33,0,0,"no",0.0581673306772908,"no"
"MISSISSIPPI","South",2025,34,0,0,"no",0.0581673306772908,"no"
"MISSISSIPPI","South",2025,35,0,0,"no",0.0581673306772908,"no"
"MISSISSIPPI","South",2025,36,0,0,"no",0.0581673306772908,"no"
"MISSISSIPPI","South",2025,37,0,0,"no",0.0581673306772908,"no"
"MISSISSIPPI","South",2025,38,0,0,"no",0.0581673306772908,"no"
"MISSISSIPPI","South",2025,39,0,0,"no",0.0581673306772908,"no"
"MISSISSIPPI","South",2025,40,0,0,"no",0.0581673306772908,"no"
"MISSISSIPPI","South",2025,41,0,0,"no",0.0581673306772908,"no"
"MISSISSIPPI","South",2025,42,0,0,"no",0.0581673306772908,"no"
"MISSISSIPPI","South",2025,43,0,0,"no",0.0581673306772908,"no"
"MISSISSIPPI","South",2025,44,0,0,"no",0.0581673306772908,"no"
"MISSOURI","North Central",2025,18,0,0,"no",0.0581673306772908,"no"
"MISSOURI","North Central",2025,19,0,0,"no",0.0581673306772908,"no"
"MISSOURI","North Central",2025,20,0,0,"no",0.0581673306772908,"no"
"MISSOURI","North Central",2025,21,0,0,"no",0.0581673306772908,"no"
"MISSOURI","North Central",2025,22,0,0,"no",0.0581673306772908,"no"
"MISSOURI","North Central",2025,23,0,0,"no",0.0581673306772908,"no"
"MISSOURI","North Central",2025,24,0,0,"no",0.0581673306772908,"no"
"MISSOURI","North Central",2025,25,0,0,"no",0.0581673306772908,"no"
"MISSOURI","North Central",2025,26,0,0,"no",0.0581673306772908,"no"
"MISSOURI","North Central",2025,27,0,0,"no",0.0581673306772908,"no"
"MISSOURI","North Central",2025,28,0,0,"no",0.0581673306772908,"no"
"MISSOURI","North Central",2025,29,0,0,"no",0.0581673306772908,"no"
"MISSOURI","North Central",2025,30,0,0,"no",0.0581673306772908,"no"
"MISSOURI","North Central",2025,31,0,0,"no",0.0581673306772908,"no"
"MISSOURI","North Central",2025,32,0,0,"no",0.0581673306772908,"no"
"MISSOURI","North Central",2025,33,0,0,"no",0.0581673306772908,"no"
"MISSOURI","North Central",2025,34,0,0,"no",0.0581673306772908,"no"
"MISSOURI","North Central",2025,35,0,0,"no",0.0581673306772908,"no"
"MISSOURI","North Central",2025,36,0,0,"no",0.0581673306772908,"no"
"MISSOURI","North Central",2025,37,0,0,"no",0.0581673306772908,"no"
"MISSOURI","North Central",2025,38,0,0,"no",0.0581673306772908,"no"
"MISSOURI","North Central",2025,39,0,0,"no",0.0581673306772908,"no"
"MISSOURI","North Central",2025,40,0,0,"no",0.0581673306772908,"no"
"MISSOURI","North Central",2025,41,0,0,"no",0.0581673306772908,"no"
"MISSOURI","North Central",2025,42,0,0,"no",0.0581673306772908,"no"
"MISSOURI","North Central",2025,43,0,0,"no",0.0581673306772908,"no"
"MISSOURI","North Central",2025,44,0,0,"no",0.0581673306772908,"no"
"MONTANA","West",2025,18,0,0,"no",0.0581673306772908,"no"
"MONTANA","West",2025,19,0,0,"no",0.0581673306772908,"no"
"MONTANA","West",2025,20,0,0,"no",0.0581673306772908,"no"
"MONTANA","West",2025,21,0,0,"no",0.0581673306772908,"no"
"MONTANA","West",2025,22,0,0,"no",0.0581673306772908,"no"
"MONTANA","West",2025,23,0,0,"no",0.0581673306772908,"no"
"MONTANA","West",2025,24,0,0,"no",0.0581673306772908,"no"
"MONTANA","West",2025,25,0,0,"no",0.0581673306772908,"no"
"MONTANA","West",2025,26,0,0,"no",0.0581673306772908,"no"
"MONTANA","West",2025,27,0,0,"no",0.0581673306772908,"no"
"MONTANA","West",2025,28,0,0,"no",0.0581673306772908,"no"
"MONTANA","West",2025,29,0,0,"no",0.0581673306772908,"no"
"MONTANA","West",2025,30,0,0,"no",0.0581673306772908,"no"
"MONTANA","West",2025,31,0,0,"no",0.0581673306772908,"no"
"MONTANA","West",2025,32,0,0,"no",0.0581673306772908,"no"
"MONTANA","West",2025,33,0,0,"no",0.0581673306772908,"no"
"MONTANA","West",2025,34,0,0,"no",0.0581673306772908,"no"
"MONTANA","West",2025,35,0,0,"no",0.0581673306772908,"no"
"MONTANA","West",2025,36,0,0,"no",0.0581673306772908,"no"
"MONTANA","West",2025,37,0,0,"no",0.0581673306772908,"no"
"MONTANA","West",2025,38,0,0,"no",0.0581673306772908,"no"
"MONTANA","West",2025,39,0,0,"no",0.0581673306772908,"no"
"MONTANA","West",2025,40,0,0,"no",0.0581673306772908,"no"
"MONTANA","West",2025,41,0,0,"no",0.0581673306772908,"no"
"MONTANA","West",2025,42,0,0,"no",0.0581673306772908,"no"
"MONTANA","West",2025,43,0,0,"no",0.0581673306772908,"no"
"MONTANA","West",2025,44,0,0,"no",0.0581673306772908,"no"
"NEBRASKA","North Central",2025,18,0,0,"no",0.0581673306772908,"no"
"NEBRASKA","North Central",2025,19,0,0,"no",0.0581673306772908,"no"
"NEBRASKA","North Central",2025,20,0,0,"no",0.0581673306772908,"no"
"NEBRASKA","North Central",2025,21,0,0,"no",0.0581673306772908,"no"
"NEBRASKA","North Central",2025,22,0,0,"no",0.0581673306772908,"no"
"NEBRASKA","North Central",2025,23,0,0,"no",0.0581673306772908,"no"
"NEBRASKA","North Central",2025,24,0,0,"no",0.0581673306772908,"no"
"NEBRASKA","North Central",2025,25,0,0,"no",0.0581673306772908,"no"
"NEBRASKA","North Central",2025,26,0,0,"yes",0.0581673306772908,"no"
"NEBRASKA","North Central",2025,27,0,0,"yes",0.0581673306772908,"no"
"NEBRASKA","North Central",2025,28,0,0,"yes",0.0581673306772908,"no"
"NEBRASKA","North Central",2025,29,0,0,"yes",0.0581673306772908,"no"
"NEBRASKA","North Central",2025,30,0,0,"yes",0.0581673306772908,"no"
"NEBRASKA","North Central",2025,31,2,1,"yes",0.785234899328859,"yes"
"NEBRASKA","North Central",2025,32,5,2,"yes",0.785234899328859,"yes"
"NEBRASKA","North Central",2025,33,6,3,"yes",0.785234899328859,"yes"
"NEBRASKA","North Central",2025,34,7,4,"yes",0.785234899328859,"yes"
"NEBRASKA","North Central",2025,35,7,5,"yes",0.785234899328859,"yes"
"NEBRASKA","North Central",2025,36,9,6,"yes",0.785234899328859,"yes"
"NEBRASKA","North Central",2025,37,10,7,"yes",0.785234899328859,"yes"
"NEBRASKA","North Central",2025,38,10,8,"yes",0.785234899328859,"yes"
"NEBRASKA","North Central",2025,39,11,8,"yes",0.785234899328859,"yes"
"NEBRASKA","North Central",2025,40,7,8,"no",0.785234899328859,"yes"
"NEBRASKA","North Central",2025,41,6,8,"no",0.785234899328859,"yes"
"NEBRASKA","North Central",2025,42,5,7,"yes",0.404761904761905,"no"
"NEBRASKA","North Central",2025,43,2,6,"yes",0.404761904761905,"no"
"NEBRASKA","North Central",2025,44,1,5,"yes",0.128205128205128,"no"
"NEVADA","West",2025,18,0,0,"no",0.0581673306772908,"no"
"NEVADA","West",2025,19,0,0,"no",0.0581673306772908,"no"
"NEVADA","West",2025,20,0,0,"no",0.0581673306772908,"no"
"NEVADA","West",2025,21,0,0,"no",0.0581673306772908,"no"
"NEVADA","West",2025,22,0,0,"no",0.0581673306772908,"no"
"NEVADA","West",2025,23,0,0,"no",0.0581673306772908,"no"
"NEVADA","West",2025,24,0,0,"no",0.0581673306772908,"no"
"NEVADA","West",2025,25,0,0,"no",0.0581673306772908,"no"
"NEVADA","West",2025,26,0,0,"no",0.0581673306772908,"no"
"NEVADA","West",2025,27,0,0,"no",0.0581673306772908,"no"
"NEVADA","West",2025,28,0,0,"no",0.0581673306772908,"no"
"NEVADA","West",2025,29,0,0,"no",0.0581673306772908,"no"
"NEVADA","West",2025,30,0,0,"no",0.0581673306772908,"no"
"NEVADA","West",2025,31,0,0,"no",0.0581673306772908,"no"
"NEVADA","West",2025,32,0,0,"no",0.0581673306772908,"no"
"NEVADA","West",2025,33,0,0,"no",0.0581673306772908,"no"
"NEVADA","West",2025,34,0,0,"no",0.0581673306772908,"no"
"NEVADA","West",2025,35,0,0,"no",0.0581673306772908,"no"
"NEVADA","West",2025,36,0,0,"no",0.0581673306772908,"no"
"NEVADA","West",2025,37,0,0,"no",0.0581673306772908,"no"
"NEVADA","West",2025,38,0,0,"no",0.0581673306772908,"no"
"NEVADA","West",2025,39,0,0,"no",0.0581673306772908,"no"
"NEVADA","West",2025,40,0,0,"no",0.0581673306772908,"no"
"NEVADA","West",2025,41,0,0,"no",0.0581673306772908,"no"
"NEVADA","West",2025,42,0,0,"no",0.0581673306772908,"no"
"NEVADA","West",2025,43,0,0,"no",0.0581673306772908,"no"
"NEVADA","West",2025,44,0,0,"no",0.0581673306772908,"no"
"NEW HAMPSHIRE","Northeast",2025,18,0,0,"no",0.0581673306772908,"no"
"NEW HAMPSHIRE","Northeast",2025,19,0,0,"no",0.0581673306772908,"no"
"NEW HAMPSHIRE","Northeast",2025,20,0,0,"no",0.0581673306772908,"no"
"NEW HAMPSHIRE","Northeast",2025,21,0,0,"no",0.0581673306772908,"no"
"NEW HAMPSHIRE","Northeast",2025,22,0,0,"no",0.0581673306772908,"no"
"NEW HAMPSHIRE","Northeast",2025,23,0,0,"no",0.0581673306772908,"no"
"NEW HAMPSHIRE","Northeast",2025,24,0,0,"no",0.0581673306772908,"no"
"NEW HAMPSHIRE","Northeast",2025,25,0,0,"no",0.0581673306772908,"no"
"NEW HAMPSHIRE","Northeast",2025,26,0,0,"no",0.0581673306772908,"no"
"NEW HAMPSHIRE","Northeast",2025,27,0,0,"no",0.0581673306772908,"no"
"NEW HAMPSHIRE","Northeast",2025,28,0,0,"no",0.0581673306772908,"no"
"NEW HAMPSHIRE","Northeast",2025,29,0,0,"no",0.0581673306772908,"no"
"NEW HAMPSHIRE","Northeast",2025,30,0,0,"no",0.0581673306772908,"no"
"NEW HAMPSHIRE","Northeast",2025,31,0,0,"no",0.0581673306772908,"no"
"NEW HAMPSHIRE","Northeast",2025,32,0,0,"no",0.0581673306772908,"no"
"NEW HAMPSHIRE","Northeast",2025,33,0,0,"no",0.0581673306772908,"no"
"NEW HAMPSHIRE","Northeast",2025,34,0,0,"no",0.0581673306772908,"no"
"NEW HAMPSHIRE","Northeast",2025,35,0,0,"no",0.0581673306772908,"no"
"NEW HAMPSHIRE","Northeast",2025,36,0,0,"no",0.0581673306772908,"no"
"NEW HAMPSHIRE","Northeast",2025,37,0,0,"no",0.0581673306772908,"no"
"NEW HAMPSHIRE","Northeast",2025,38,0,0,"no",0.0581673306772908,"no"
"NEW HAMPSHIRE","Northeast",2025,39,0,0,"no",0.0581673306772908,"no"
"NEW HAMPSHIRE","Northeast",2025,40,0,0,"no",0.0581673306772908,"no"
"NEW HAMPSHIRE","Northeast",2025,41,0,0,"no",0.0581673306772908,"no"
"NEW HAMPSHIRE","Northeast",2025,42,0,0,"no",0.0581673306772908,"no"
"NEW HAMPSHIRE","Northeast",2025,43,0,0,"no",0.0581673306772908,"no"
"NEW HAMPSHIRE","Northeast",2025,44,0,0,"no",0.0581673306772908,"no"
"NEW JERSEY","Northeast",2025,18,0,0,"no",0.0581673306772908,"no"
"NEW JERSEY","Northeast",2025,19,0,0,"no",0.0581673306772908,"no"
"NEW JERSEY","Northeast",2025,20,0,0,"no",0.0581673306772908,"no"
"NEW JERSEY","Northeast",2025,21,0,0,"no",0.0581673306772908,"no"
"NEW JERSEY","Northeast",2025,22,0,0,"no",0.0581673306772908,"no"
"NEW JERSEY","Northeast",2025,23,0,0,"no",0.0581673306772908,"no"
"NEW JERSEY","Northeast",2025,24,0,0,"no",0.0581673306772908,"no"
"NEW JERSEY","Northeast",2025,25,0,0,"no",0.0581673306772908,"no"
"NEW JERSEY","Northeast",2025,26,0,0,"no",0.0581673306772908,"no"
"NEW JERSEY","Northeast",2025,27,0,0,"no",0.0581673306772908,"no"
"NEW JERSEY","Northeast",2025,28,0,0,"no",0.0581673306772908,"no"
"NEW JERSEY","Northeast",2025,29,0,0,"no",0.0581673306772908,"no"
"NEW JERSEY","Northeast",2025,30,0,0,"no",0.0581673306772908,"no"
"NEW JERSEY","Northeast",2025,31,0,0,"no",0.0581673306772908,"no"
"NEW JERSEY","Northeast",2025,32,0,0,"no",0.0581673306772908,"no"
"NEW JERSEY","Northeast",2025,33,0,0,"no",0.0581673306772908,"no"
"NEW JERSEY","Northeast",2025,34,0,0,"no",0.0581673306772908,"no"
"NEW JERSEY","Northeast",2025,35,0,0,"no",0.0581673306772908,"no"
"NEW JERSEY","Northeast",2025,36,0,0,"no",0.0581673306772908,"no"
"NEW JERSEY","Northeast",2025,37,0,0,"no",0.0581673306772908,"no"
"NEW JERSEY","Northeast",2025,38,0,0,"no",0.0581673306772908,"no"
"NEW JERSEY","Northeast",2025,39,0,0,"no",0.0581673306772908,"no"
"NEW JERSEY","Northeast",2025,40,0,0,"no",0.0581673306772908,"no"
"NEW JERSEY","Northeast",2025,41,0,0,"no",0.0581673306772908,"no"
"NEW JERSEY","Northeast",2025,42,0,0,"no",0.0581673306772908,"no"
"NEW JERSEY","Northeast",2025,43,0,0,"no",0.0581673306772908,"no"
"NEW JERSEY","Northeast",2025,44,0,0,"no",0.0581673306772908,"no"
"NEW MEXICO","West",2025,18,0,0,"no",0.0581673306772908,"no"
"NEW MEXICO","West",2025,19,0,0,"no",0.0581673306772908,"no"
"NEW MEXICO","West",2025,20,0,0,"no",0.0581673306772908,"no"
"NEW MEXICO","West",2025,21,0,0,"no",0.0581673306772908,"no"
"NEW MEXICO","West",2025,22,0,0,"no",0.0581673306772908,"no"
"NEW MEXICO","West",2025,23,0,0,"no",0.0581673306772908,"no"
"NEW MEXICO","West",2025,24,0,0,"no",0.0581673306772908,"no"
"NEW MEXICO","West",2025,25,0,0,"no",0.0581673306772908,"no"
"NEW MEXICO","West",2025,26,0,0,"no",0.0581673306772908,"no"
"NEW MEXICO","West",2025,27,0,0,"no",0.0581673306772908,"no"
"NEW MEXICO","West",2025,28,0,0,"no",0.0581673306772908,"no"
"NEW MEXICO","West",2025,29,0,0,"no",0.0581673306772908,"no"
"NEW MEXICO","West",2025,30,0,0,"no",0.0581673306772908,"no"
"NEW MEXICO","West",2025,31,0,0,"no",0.0581673306772908,"no"
"NEW MEXICO","West",2025,32,0,0,"no",0.0581673306772908,"no"
"NEW MEXICO","West",2025,33,0,0,"no",0.0581673306772908,"no"
"NEW MEXICO","West",2025,34,0,0,"no",0.0581673306772908,"no"
"NEW MEXICO","West",2025,35,0,0,"no",0.0581673306772908,"no"
"NEW MEXICO","West",2025,36,0,0,"no",0.0581673306772908,"no"
"NEW MEXICO","West",2025,37,0,0,"no",0.0581673306772908,"no"
"NEW MEXICO","West",2025,38,0,0,"no",0.0581673306772908,"no"
"NEW MEXICO","West",2025,39,0,0,"no",0.0581673306772908,"no"
"NEW MEXICO","West",2025,40,0,0,"no",0.0581673306772908,"no"
"NEW MEXICO","West",2025,41,0,0,"no",0.0581673306772908,"no"
"NEW MEXICO","West",2025,42,0,0,"no",0.0581673306772908,"no"
"NEW MEXICO","West",2025,43,0,0,"no",0.0581673306772908,"no"
"NEW MEXICO","West",2025,44,0,0,"no",0.0581673306772908,"no"
"NEW YORK","Northeast",2025,18,0,0,"no",0.0581673306772908,"no"
"NEW YORK","Northeast",2025,19,0,0,"no",0.0581673306772908,"no"
"NEW YORK","Northeast",2025,20,0,0,"no",0.0581673306772908,"no"
"NEW YORK","Northeast",2025,21,0,0,"no",0.0581673306772908,"no"
"NEW YORK","Northeast",2025,22,0,0,"no",0.0581673306772908,"no"
"NEW YORK","Northeast",2025,23,0,0,"no",0.0581673306772908,"no"
"NEW YORK","Northeast",2025,24,0,0,"no",0.0581673306772908,"no"
"NEW YORK","Northeast",2025,25,0,0,"no",0.0581673306772908,"no"
"NEW YORK","Northeast",2025,26,0,0,"no",0.0581673306772908,"no"
"NEW YORK","Northeast",2025,27,0,0,"no",0.0581673306772908,"no"
"NEW YORK","Northeast",2025,28,0,0,"no",0.0581673306772908,"no"
"NEW YORK","Northeast",2025,29,0,0,"no",0.0581673306772908,"no"
"NEW YORK","Northeast",2025,30,0,0,"yes",0.0581673306772908,"no"
"NEW YORK","Northeast",2025,31,0,0,"yes",0.0581673306772908,"no"
"NEW YORK","Northeast",2025,32,0,0,"yes",0.0581673306772908,"no"
"NEW YORK","Northeast",2025,33,0,0,"yes",0.0581673306772908,"no"
"NEW YORK","Northeast",2025,34,0,0,"yes",0.0581673306772908,"no"
"NEW YORK","Northeast",2025,35,1,1,"yes",0.515463917525773,"yes"
"NEW YORK","Northeast",2025,36,1,1,"yes",0.515463917525773,"yes"
"NEW YORK","Northeast",2025,37,3,2,"yes",0.785234899328859,"yes"
"NEW YORK","Northeast",2025,38,7,3,"yes",0.785234899328859,"yes"
"NEW YORK","Northeast",2025,39,9,4,"yes",0.785234899328859,"yes"
"NEW YORK","Northeast",2025,40,12,5,"yes",0.785234899328859,"yes"
"NEW YORK","Northeast",2025,41,12,6,"yes",0.785234899328859,"yes"
"NEW YORK","Northeast",2025,42,10,7,"yes",0.404761904761905,"no"
"NEW YORK","Northeast",2025,43,7,6,"yes",0.404761904761905,"no"
"NEW YORK","Northeast",2025,44,4,6,"yes",0.404761904761905,"no"
"NORTH CAROLINA","South",2025,18,0,0,"no",0.0581673306772908,"no"
"NORTH CAROLINA","South",2025,19,0,0,"no",0.0581673306772908,"no"
"NORTH CAROLINA","South",2025,20,0,0,"no",0.0581673306772908,"no"
"NORTH CAROLINA","South",2025,21,0,0,"no",0.0581673306772908,"no"
"NORTH CAROLINA","South",2025,22,0,0,"no",0.0581673306772908,"no"
"NORTH CAROLINA","South",2025,23,0,0,"no",0.0581673306772908,"no"
"NORTH CAROLINA","South",2025,24,0,0,"no",0.0581673306772908,"no"
"NORTH CAROLINA","South",2025,25,0,0,"no",0.0581673306772908,"no"
"NORTH CAROLINA","South",2025,26,0,0,"no",0.0581673306772908,"no"
"NORTH CAROLINA","South",2025,27,0,0,"no",0.0581673306772908,"no"
"NORTH CAROLINA","South",2025,28,0,0,"no",0.0581673306772908,"no"
"NORTH CAROLINA","South",2025,29,0,0,"no",0.0581673306772908,"no"
"NORTH CAROLINA","South",2025,30,0,0,"no",0.0581673306772908,"no"
"NORTH CAROLINA","South",2025,31,0,0,"no",0.0581673306772908,"no"
"NORTH CAROLINA","South",2025,32,0,0,"no",0.0581673306772908,"no"
"NORTH CAROLINA","South",2025,33,0,0,"no",0.0581673306772908,"no"
"NORTH CAROLINA","South",2025,34,0,0,"no",0.0581673306772908,"no"
"NORTH CAROLINA","South",2025,35,0,0,"no",0.0581673306772908,"no"
"NORTH CAROLINA","South",2025,36,0,0,"no",0.0581673306772908,"no"
"NORTH CAROLINA","South",2025,37,0,0,"no",0.0581673306772908,"no"
"NORTH CAROLINA","South",2025,38,0,0,"no",0.0581673306772908,"no"
"NORTH CAROLINA","South",2025,39,0,0,"no",0.0581673306772908,"no"
"NORTH CAROLINA","South",2025,40,0,0,"no",0.0581673306772908,"no"
"NORTH CAROLINA","South",2025,41,0,0,"no",0.0581673306772908,"no"
"NORTH CAROLINA","South",2025,42,0,0,"no",0.0581673306772908,"no"
"NORTH CAROLINA","South",2025,43,0,0,"no",0.0581673306772908,"no"
"NORTH CAROLINA","South",2025,44,0,0,"no",0.0581673306772908,"no"
"NORTH DAKOTA","North Central",2025,18,0,0,"no",0.0581673306772908,"no"
"NORTH DAKOTA","North Central",2025,19,0,0,"no",0.0581673306772908,"no"
"NORTH DAKOTA","North Central",2025,20,0,0,"no",0.0581673306772908,"no"
"NORTH DAKOTA","North Central",2025,21,0,0,"no",0.0581673306772908,"no"
"NORTH DAKOTA","North Central",2025,22,0,0,"no",0.0581673306772908,"no"
"NORTH DAKOTA","North Central",2025,23,0,0,"no",0.0581673306772908,"no"
"NORTH DAKOTA","North Central",2025,24,0,0,"no",0.0581673306772908,"no"
"NORTH DAKOTA","North Central",2025,25,0,0,"no",0.0581673306772908,"no"
"NORTH DAKOTA","North Central",2025,26,0,0,"no",0.0581673306772908,"no"
"NORTH DAKOTA","North Central",2025,27,0,0,"no",0.0581673306772908,"no"
"NORTH DAKOTA","North Central",2025,28,0,0,"no",0.0581673306772908,"no"
"NORTH DAKOTA","North Central",2025,29,0,0,"no",0.0581673306772908,"no"
"NORTH DAKOTA","North Central",2025,30,0,0,"no",0.0581673306772908,"no"
"NORTH DAKOTA","North Central",2025,31,0,0,"no",0.0581673306772908,"no"
"NORTH DAKOTA","North Central",2025,32,0,0,"no",0.0581673306772908,"no"
"NORTH DAKOTA","North Central",2025,33,0,0,"no",0.0581673306772908,"no"
"NORTH DAKOTA","North Central",2025,34,0,0,"no",0.0581673306772908,"no"
"NORTH DAKOTA","North Central",2025,35,0,0,"no",0.0581673306772908,"no"
"NORTH DAKOTA","North Central",2025,36,0,0,"no",0.0581673306772908,"no"
"NORTH DAKOTA","North Central",2025,37,0,0,"no",0.0581673306772908,"no"
"NORTH DAKOTA","North Central",2025,38,0,0,"no",0.0581673306772908,"no"
"NORTH DAKOTA","North Central",2025,39,0,0,"no",0.0581673306772908,"no"
"NORTH DAKOTA","North Central",2025,40,0,0,"no",0.0581673306772908,"no"
"NORTH DAKOTA","North Central",2025,41,0,0,"no",0.0581673306772908,"no"
"NORTH DAKOTA","North Central",2025,42,0,0,"no",0.0581673306772908,"no"
"NORTH DAKOTA","North Central",2025,43,0,0,"no",0.0581673306772908,"no"
"NORTH DAKOTA","North Central",2025,44,0,0,"no",0.0581673306772908,"no"
"OHIO","North Central",2025,18,0,0,"no",0.0581673306772908,"no"
"OHIO","North Central",2025,19,0,0,"no",0.0581673306772908,"no"
"OHIO","North Central",2025,20,0,0,"no",0.0581673306772908,"no"
"OHIO","North Central",2025,21,0,0,"no",0.0581673306772908,"no"
"OHIO","North Central",2025,22,0,0,"no",0.0581673306772908,"no"
"OHIO","North Central",2025,23,0,0,"no",0.0581673306772908,"no"
"OHIO","North Central",2025,24,0,0,"no",0.0581673306772908,"no"
"OHIO","North Central",2025,25,0,0,"no",0.0581673306772908,"no"
"OHIO","North Central",2025,26,0,0,"no",0.0581673306772908,"no"
"OHIO","North Central",2025,27,0,0,"no",0.0581673306772908,"no"
"OHIO","North Central",2025,28,0,0,"no",0.0581673306772908,"no"
"OHIO","North Central",2025,29,0,0,"no",0.0581673306772908,"no"
"OHIO","North Central",2025,30,0,0,"no",0.0581673306772908,"no"
"OHIO","North Central",2025,31,0,0,"no",0.0581673306772908,"no"
"OHIO","North Central",2025,32,0,0,"no",0.0581673306772908,"no"
"OHIO","North Central",2025,33,0,0,"no",0.0581673306772908,"no"
"OHIO","North Central",2025,34,0,0,"no",0.0581673306772908,"no"
"OHIO","North Central",2025,35,0,0,"no",0.0581673306772908,"no"
"OHIO","North Central",2025,36,0,0,"no",0.0581673306772908,"no"
"OHIO","North Central",2025,37,0,0,"no",0.0581673306772908,"no"
"OHIO","North Central",2025,38,0,0,"no",0.0581673306772908,"no"
"OHIO","North Central",2025,39,0,0,"no",0.0581673306772908,"no"
"OHIO","North Central",2025,40,0,0,"no",0.0581673306772908,"no"
"OHIO","North Central",2025,41,0,0,"no",0.0581673306772908,"no"
"OHIO","North Central",2025,42,0,0,"no",0.0581673306772908,"no"
"OHIO","North Central",2025,43,0,0,"no",0.0581673306772908,"no"
"OHIO","North Central",2025,44,0,0,"no",0.0581673306772908,"no"
"OKLAHOMA","South",2025,18,0,0,"no",0.0581673306772908,"no"
"OKLAHOMA","South",2025,19,0,0,"no",0.0581673306772908,"no"
"OKLAHOMA","South",2025,20,0,0,"no",0.0581673306772908,"no"
"OKLAHOMA","South",2025,21,0,0,"no",0.0581673306772908,"no"
"OKLAHOMA","South",2025,22,0,0,"no",0.0581673306772908,"no"
"OKLAHOMA","South",2025,23,0,0,"no",0.0581673306772908,"no"
"OKLAHOMA","South",2025,24,0,0,"no",0.0581673306772908,"no"
"OKLAHOMA","South",2025,25,0,0,"no",0.0581673306772908,"no"
"OKLAHOMA","South",2025,26,0,0,"no",0.0581673306772908,"no"
"OKLAHOMA","South",2025,27,0,0,"no",0.0581673306772908,"no"
"OKLAHOMA","South",2025,28,0,0,"no",0.0581673306772908,"no"
"OKLAHOMA","South",2025,29,0,0,"no",0.0581673306772908,"no"
"OKLAHOMA","South",2025,30,0,0,"no",0.0581673306772908,"no"
"OKLAHOMA","South",2025,31,0,0,"no",0.0581673306772908,"no"
"OKLAHOMA","South",2025,32,0,0,"no",0.0581673306772908,"no"
"OKLAHOMA","South",2025,33,0,0,"no",0.0581673306772908,"no"
"OKLAHOMA","South",2025,34,0,0,"no",0.0581673306772908,"no"
"OKLAHOMA","South",2025,35,0,0,"no",0.0581673306772908,"no"
"OKLAHOMA","South",2025,36,0,0,"no",0.0581673306772908,"no"
"OKLAHOMA","South",2025,37,0,0,"no",0.0581673306772908,"no"
"OKLAHOMA","South",2025,38,0,0,"no",0.0581673306772908,"no"
"OKLAHOMA","South",2025,39,0,0,"no",0.0581673306772908,"no"
"OKLAHOMA","South",2025,40,0,0,"no",0.0581673306772908,"no"
"OKLAHOMA","South",2025,41,0,0,"no",0.0581673306772908,"no"
"OKLAHOMA","South",2025,42,0,0,"no",0.0581673306772908,"no"
"OKLAHOMA","South",2025,43,0,0,"no",0.0581673306772908,"no"
"OKLAHOMA","South",2025,44,0,0,"no",0.0581673306772908,"no"
"OREGON","West",2025,18,0,0,"no",0.0581673306772908,"no"
"OREGON","West",2025,19,0,0,"no",0.0581673306772908,"no"
"OREGON","West",2025,20,0,0,"no",0.0581673306772908,"no"
"OREGON","West",2025,21,0,0,"no",0.0581673306772908,"no"
"OREGON","West",2025,22,0,0,"no",0.0581673306772908,"no"
"OREGON","West",2025,23,0,0,"no",0.0581673306772908,"no"
"OREGON","West",2025,24,0,0,"no",0.0581673306772908,"no"
"OREGON","West",2025,25,0,0,"no",0.0581673306772908,"no"
"OREGON","West",2025,26,0,0,"no",0.0581673306772908,"no"
"OREGON","West",2025,27,0,0,"no",0.0581673306772908,"no"
"OREGON","West",2025,28,0,0,"no",0.0581673306772908,"no"
"OREGON","West",2025,29,0,0,"no",0.0581673306772908,"no"
"OREGON","West",2025,30,0,0,"no",0.0581673306772908,"no"
"OREGON","West",2025,31,0,0,"yes",0.0581673306772908,"no"
"OREGON","West",2025,32,0,0,"yes",0.0581673306772908,"no"
"OREGON","West",2025,33,0,0,"yes",0.0581673306772908,"no"
"OREGON","West",2025,34,0,0,"yes",0.0581673306772908,"no"
"OREGON","West",2025,35,0,0,"no",0.0581673306772908,"no"
"OREGON","West",2025,36,1,1,"no",0.515463917525773,"yes"
"OREGON","West",2025,37,1,1,"no",0.515463917525773,"yes"
"OREGON","West",2025,38,1,1,"no",0.128205128205128,"no"
"OREGON","West",2025,39,1,1,"no",0.128205128205128,"no"
"OREGON","West",2025,40,0,1,"no",0.0581673306772908,"no"
"OREGON","West",2025,41,0,1,"no",0.0581673306772908,"no"
"OREGON","West",2025,42,0,1,"no",0.0581673306772908,"no"
"OREGON","West",2025,43,0,1,"no",0.0581673306772908,"no"
"OREGON","West",2025,44,0,0,"no",0.0581673306772908,"no"
"PENNSYLVANIA","Northeast",2025,18,0,0,"no",0.0581673306772908,"no"
"PENNSYLVANIA","Northeast",2025,19,0,0,"no",0.0581673306772908,"no"
"PENNSYLVANIA","Northeast",2025,20,0,0,"no",0.0581673306772908,"no"
"PENNSYLVANIA","Northeast",2025,21,0,0,"no",0.0581673306772908,"no"
"PENNSYLVANIA","Northeast",2025,22,0,0,"no",0.0581673306772908,"no"
"PENNSYLVANIA","Northeast",2025,23,0,0,"no",0.0581673306772908,"no"
"PENNSYLVANIA","Northeast",2025,24,0,0,"no",0.0581673306772908,"no"
"PENNSYLVANIA","Northeast",2025,25,0,0,"no",0.0581673306772908,"no"
"PENNSYLVANIA","Northeast",2025,26,0,0,"no",0.0581673306772908,"no"
"PENNSYLVANIA","Northeast",2025,27,0,0,"no",0.0581673306772908,"no"
"PENNSYLVANIA","Northeast",2025,28,0,0,"no",0.0581673306772908,"no"
"PENNSYLVANIA","Northeast",2025,29,0,0,"no",0.0581673306772908,"no"
"PENNSYLVANIA","Northeast",2025,30,0,0,"no",0.0581673306772908,"no"
"PENNSYLVANIA","Northeast",2025,31,0,0,"no",0.0581673306772908,"no"
"PENNSYLVANIA","Northeast",2025,32,0,0,"no",0.0581673306772908,"no"
"PENNSYLVANIA","Northeast",2025,33,0,0,"no",0.0581673306772908,"no"
"PENNSYLVANIA","Northeast",2025,34,0,0,"no",0.0581673306772908,"no"
"PENNSYLVANIA","Northeast",2025,35,0,0,"no",0.0581673306772908,"no"
"PENNSYLVANIA","Northeast",2025,36,0,0,"no",0.0581673306772908,"no"
"PENNSYLVANIA","Northeast",2025,37,0,0,"no",0.0581673306772908,"no"
"PENNSYLVANIA","Northeast",2025,38,0,0,"no",0.0581673306772908,"no"
"PENNSYLVANIA","Northeast",2025,39,0,0,"no",0.0581673306772908,"no"
"PENNSYLVANIA","Northeast",2025,40,0,0,"no",0.0581673306772908,"no"
"PENNSYLVANIA","Northeast",2025,41,0,0,"no",0.0581673306772908,"no"
"PENNSYLVANIA","Northeast",2025,42,0,0,"no",0.0581673306772908,"no"
"PENNSYLVANIA","Northeast",2025,43,0,0,"no",0.0581673306772908,"no"
"PENNSYLVANIA","Northeast",2025,44,0,0,"no",0.0581673306772908,"no"
"RHODE ISLAND","Northeast",2025,18,0,0,"no",0.0581673306772908,"no"
"RHODE ISLAND","Northeast",2025,19,0,0,"no",0.0581673306772908,"no"
"RHODE ISLAND","Northeast",2025,20,0,0,"no",0.0581673306772908,"no"
"RHODE ISLAND","Northeast",2025,21,0,0,"no",0.0581673306772908,"no"
"RHODE ISLAND","Northeast",2025,22,0,0,"no",0.0581673306772908,"no"
"RHODE ISLAND","Northeast",2025,23,0,0,"no",0.0581673306772908,"no"
"RHODE ISLAND","Northeast",2025,24,0,0,"no",0.0581673306772908,"no"
"RHODE ISLAND","Northeast",2025,25,0,0,"no",0.0581673306772908,"no"
"RHODE ISLAND","Northeast",2025,26,0,0,"no",0.0581673306772908,"no"
"RHODE ISLAND","Northeast",2025,27,0,0,"no",0.0581673306772908,"no"
"RHODE ISLAND","Northeast",2025,28,0,0,"no",0.0581673306772908,"no"
"RHODE ISLAND","Northeast",2025,29,0,0,"no",0.0581673306772908,"no"
"RHODE ISLAND","Northeast",2025,30,0,0,"no",0.0581673306772908,"no"
"RHODE ISLAND","Northeast",2025,31,0,0,"no",0.0581673306772908,"no"
"RHODE ISLAND","Northeast",2025,32,0,0,"no",0.0581673306772908,"no"
"RHODE ISLAND","Northeast",2025,33,0,0,"no",0.0581673306772908,"no"
"RHODE ISLAND","Northeast",2025,34,0,0,"no",0.0581673306772908,"no"
"RHODE ISLAND","Northeast",2025,35,0,0,"no",0.0581673306772908,"no"
"RHODE ISLAND","Northeast",2025,36,0,0,"no",0.0581673306772908,"no"
"RHODE ISLAND","Northeast",2025,37,0,0,"no",0.0581673306772908,"no"
"RHODE ISLAND","Northeast",2025,38,0,0,"no",0.0581673306772908,"no"
"RHODE ISLAND","Northeast",2025,39,0,0,"no",0.0581673306772908,"no"
"RHODE ISLAND","Northeast",2025,40,0,0,"no",0.0581673306772908,"no"
"RHODE ISLAND","Northeast",2025,41,0,0,"no",0.0581673306772908,"no"
"RHODE ISLAND","Northeast",2025,42,0,0,"no",0.0581673306772908,"no"
"RHODE ISLAND","Northeast",2025,43,0,0,"no",0.0581673306772908,"no"
"RHODE ISLAND","Northeast",2025,44,0,0,"no",0.0581673306772908,"no"
"SOUTH CAROLINA","South",2025,18,0,0,"no",0.0581673306772908,"no"
"SOUTH CAROLINA","South",2025,19,0,0,"no",0.0581673306772908,"no"
"SOUTH CAROLINA","South",2025,20,0,0,"no",0.0581673306772908,"no"
"SOUTH CAROLINA","South",2025,21,0,0,"no",0.0581673306772908,"no"
"SOUTH CAROLINA","South",2025,22,0,0,"no",0.0581673306772908,"no"
"SOUTH CAROLINA","South",2025,23,0,0,"no",0.0581673306772908,"no"
"SOUTH CAROLINA","South",2025,24,0,0,"no",0.0581673306772908,"no"
"SOUTH CAROLINA","South",2025,25,0,0,"no",0.0581673306772908,"no"
"SOUTH CAROLINA","South",2025,26,0,0,"no",0.0581673306772908,"no"
"SOUTH CAROLINA","South",2025,27,0,0,"no",0.0581673306772908,"no"
"SOUTH CAROLINA","South",2025,28,0,0,"no",0.0581673306772908,"no"
"SOUTH CAROLINA","South",2025,29,0,0,"no",0.0581673306772908,"no"
"SOUTH CAROLINA","South",2025,30,0,0,"no",0.0581673306772908,"no"
"SOUTH CAROLINA","South",2025,31,0,0,"no",0.0581673306772908,"no"
"SOUTH CAROLINA","South",2025,32,0,0,"no",0.0581673306772908,"no"
"SOUTH CAROLINA","South",2025,33,0,0,"no",0.0581673306772908,"no"
"SOUTH CAROLINA","South",2025,34,0,0,"no",0.0581673306772908,"no"
"SOUTH CAROLINA","South",2025,35,0,0,"no",0.0581673306772908,"no"
"SOUTH CAROLINA","South",2025,36,0,0,"no",0.0581673306772908,"no"
"SOUTH CAROLINA","South",2025,37,0,0,"no",0.0581673306772908,"no"
"SOUTH CAROLINA","South",2025,38,0,0,"no",0.0581673306772908,"no"
"SOUTH CAROLINA","South",2025,39,0,0,"no",0.0581673306772908,"no"
"SOUTH CAROLINA","South",2025,40,0,0,"no",0.0581673306772908,"no"
"SOUTH CAROLINA","South",2025,41,0,0,"no",0.0581673306772908,"no"
"SOUTH CAROLINA","South",2025,42,0,0,"no",0.0581673306772908,"no"
"SOUTH CAROLINA","South",2025,43,0,0,"no",0.0581673306772908,"no"
"SOUTH CAROLINA","South",2025,44,0,0,"no",0.0581673306772908,"no"
"SOUTH DAKOTA","North Central",2025,18,0,0,"no",0.0581673306772908,"no"
"SOUTH DAKOTA","North Central",2025,19,0,0,"no",0.0581673306772908,"no"
"SOUTH DAKOTA","North Central",2025,20,0,0,"no",0.0581673306772908,"no"
"SOUTH DAKOTA","North Central",2025,21,0,0,"no",0.0581673306772908,"no"
"SOUTH DAKOTA","North Central",2025,22,0,0,"no",0.0581673306772908,"no"
"SOUTH DAKOTA","North Central",2025,23,0,0,"no",0.0581673306772908,"no"
"SOUTH DAKOTA","North Central",2025,24,0,0,"no",0.0581673306772908,"no"
"SOUTH DAKOTA","North Central",2025,25,0,0,"no",0.0581673306772908,"no"
"SOUTH DAKOTA","North Central",2025,26,0,0,"no",0.0581673306772908,"no"
"SOUTH DAKOTA","North Central",2025,27,0,0,"no",0.0581673306772908,"no"
"SOUTH DAKOTA","North Central",2025,28,0,0,"no",0.0581673306772908,"no"
"SOUTH DAKOTA","North Central",2025,29,0,0,"no",0.0581673306772908,"no"
"SOUTH DAKOTA","North Central",2025,30,0,0,"no",0.0581673306772908,"no"
"SOUTH DAKOTA","North Central",2025,31,0,0,"no",0.0581673306772908,"no"
"SOUTH DAKOTA","North Central",2025,32,0,0,"no",0.0581673306772908,"no"
"SOUTH DAKOTA","North Central",2025,33,0,0,"no",0.0581673306772908,"no"
"SOUTH DAKOTA","North Central",2025,34,0,0,"no",0.0581673306772908,"no"
"SOUTH DAKOTA","North Central",2025,35,0,0,"no",0.0581673306772908,"no"
"SOUTH DAKOTA","North Central",2025,36,0,0,"no",0.0581673306772908,"no"
"SOUTH DAKOTA","North Central",2025,37,0,0,"no",0.0581673306772908,"no"
"SOUTH DAKOTA","North Central",2025,38,0,0,"no",0.0581673306772908,"no"
"SOUTH DAKOTA","North Central",2025,39,0,0,"no",0.0581673306772908,"no"
"SOUTH DAKOTA","North Central",2025,40,0,0,"no",0.0581673306772908,"no"
"SOUTH DAKOTA","North Central",2025,41,0,0,"no",0.0581673306772908,"no"
"SOUTH DAKOTA","North Central",2025,42,0,0,"no",0.0581673306772908,"no"
"SOUTH DAKOTA","North Central",2025,43,0,0,"no",0.0581673306772908,"no"
"SOUTH DAKOTA","North Central",2025,44,0,0,"no",0.0581673306772908,"no"
"TENNESSEE","South",2025,18,0,0,"no",0.0581673306772908,"no"
"TENNESSEE","South",2025,19,0,0,"no",0.0581673306772908,"no"
"TENNESSEE","South",2025,20,0,0,"no",0.0581673306772908,"no"
"TENNESSEE","South",2025,21,0,0,"no",0.0581673306772908,"no"
"TENNESSEE","South",2025,22,0,0,"no",0.0581673306772908,"no"
"TENNESSEE","South",2025,23,0,0,"no",0.0581673306772908,"no"
"TENNESSEE","South",2025,24,0,0,"no",0.0581673306772908,"no"
"TENNESSEE","South",2025,25,0,0,"no",0.0581673306772908,"no"
"TENNESSEE","South",2025,26,0,0,"no",0.0581673306772908,"no"
"TENNESSEE","South",2025,27,0,0,"no",0.0581673306772908,"no"
"TENNESSEE","South",2025,28,0,0,"no",0.0581673306772908,"no"
"TENNESSEE","South",2025,29,0,0,"no",0.0581673306772908,"no"
"TENNESSEE","South",2025,30,0,0,"no",0.0581673306772908,"no"
"TENNESSEE","South",2025,31,0,0,"no",0.0581673306772908,"no"
"TENNESSEE","South",2025,32,0,0,"no",0.0581673306772908,"no"
"TENNESSEE","South",2025,33,0,0,"no",0.0581673306772908,"no"
"TENNESSEE","South",2025,34,0,0,"yes",0.0581673306772908,"no"
"TENNESSEE","South",2025,35,0,0,"yes",0.0581673306772908,"no"
"TENNESSEE","South",2025,36,0,0,"yes",0.0581673306772908,"no"
"TENNESSEE","South",2025,37,0,0,"yes",0.0581673306772908,"no"
"TENNESSEE","South",2025,38,0,0,"yes",0.0581673306772908,"no"
"TENNESSEE","South",2025,39,1,1,"yes",0.128205128205128,"no"
"TENNESSEE","South",2025,40,1,1,"yes",0.128205128205128,"no"
"TENNESSEE","South",2025,41,1,1,"no",0.128205128205128,"no"
"TENNESSEE","South",2025,42,2,2,"no",0.404761904761905,"no"
"TENNESSEE","South",2025,43,1,2,"no",0.128205128205128,"no"
"TENNESSEE","South",2025,44,1,2,"no",0.128205128205128,"no"
"TEXAS","South",2025,18,0,0,"no",0.0581673306772908,"no"
"TEXAS","South",2025,19,0,0,"no",0.0581673306772908,"no"
"TEXAS","South",2025,20,0,0,"no",0.0581673306772908,"no"
"TEXAS","South",2025,21,0,0,"no",0.0581673306772908,"no"
"TEXAS","South",2025,22,0,0,"no",0.0581673306772908,"no"
"TEXAS","South",2025,23,0,0,"no",0.0581673306772908,"no"
"TEXAS","South",2025,24,0,0,"yes",0.0581673306772908,"no"
"TEXAS","South",2025,25,0,0,"yes",0.0581673306772908,"no"
"TEXAS","South",2025,26,0,0,"yes",0.0581673306772908,"no"
"TEXAS","South",2025,27,0,0,"yes",0.0581673306772908,"no"
"TEXAS","South",2025,28,0,0,"yes",0.0581673306772908,"no"
"TEXAS","South",2025,29,3,1,"yes",0.785234899328859,"yes"
"TEXAS","South",2025,30,5,2,"yes",0.785234899328859,"yes"
"TEXAS","South",2025,31,6,3,"yes",0.785234899328859,"yes"
"TEXAS","South",2025,32,8,4,"yes",0.785234899328859,"yes"
"TEXAS","South",2025,33,9,5,"yes",0.785234899328859,"yes"
"TEXAS","South",2025,34,7,5,"yes",0.785234899328859,"yes"
"TEXAS","South",2025,35,8,6,"yes",0.785234899328859,"yes"
"TEXAS","South",2025,36,7,7,"yes",0.785234899328859,"yes"
"TEXAS","South",2025,37,3,6,"no",0.785234899328859,"yes"
"TEXAS","South",2025,38,4,6,"no",0.785234899328859,"yes"
"TEXAS","South",2025,39,2,5,"no",0.785234899328859,"yes"
"TEXAS","South",2025,40,1,4,"no",0.128205128205128,"no"
"TEXAS","South",2025,41,1,3,"no",0.128205128205128,"no"
"TEXAS","South",2025,42,0,3,"no",0.0581673306772908,"no"
"TEXAS","South",2025,43,0,2,"no",0.0581673306772908,"no"
"TEXAS","South",2025,44,0,1,"no",0.0581673306772908,"no"
"UTAH","West",2025,18,0,0,"no",0.0581673306772908,"no"
"UTAH","West",2025,19,0,0,"no",0.0581673306772908,"no"
"UTAH","West",2025,20,0,0,"no",0.0581673306772908,"no"
"UTAH","West",2025,21,0,0,"no",0.0581673306772908,"no"
"UTAH","West",2025,22,0,0,"no",0.0581673306772908,"no"
"UTAH","West",2025,23,0,0,"no",0.0581673306772908,"no"
"UTAH","West",2025,24,0,0,"no",0.0581673306772908,"no"
"UTAH","West",2025,25,0,0,"no",0.0581673306772908,"no"
"UTAH","West",2025,26,0,0,"no",0.0581673306772908,"no"
"UTAH","West",2025,27,0,0,"no",0.0581673306772908,"no"
"UTAH","West",2025,28,0,0,"no",0.0581673306772908,"no"
"UTAH","West",2025,29,0,0,"no",0.0581673306772908,"no"
"UTAH","West",2025,30,0,0,"no",0.0581673306772908,"no"
"UTAH","West",2025,31,0,0,"no",0.0581673306772908,"no"
"UTAH","West",2025,32,0,0,"no",0.0581673306772908,"no"
"UTAH","West",2025,33,0,0,"no",0.0581673306772908,"no"
"UTAH","West",2025,34,0,0,"no",0.0581673306772908,"no"
"UTAH","West",2025,35,0,0,"no",0.0581673306772908,"no"
"UTAH","West",2025,36,0,0,"no",0.0581673306772908,"no"
"UTAH","West",2025,37,0,0,"no",0.0581673306772908,"no"
"UTAH","West",2025,38,0,0,"no",0.0581673306772908,"no"
"UTAH","West",2025,39,0,0,"no",0.0581673306772908,"no"
"UTAH","West",2025,40,0,0,"no",0.0581673306772908,"no"
"UTAH","West",2025,41,0,0,"no",0.0581673306772908,"no"
"UTAH","West",2025,42,0,0,"no",0.0581673306772908,"no"
"UTAH","West",2025,43,0,0,"no",0.0581673306772908,"no"
"UTAH","West",2025,44,0,0,"no",0.0581673306772908,"no"
"VERMONT","Northeast",2025,18,0,0,"no",0.0581673306772908,"no"
"VERMONT","Northeast",2025,19,0,0,"no",0.0581673306772908,"no"
"VERMONT","Northeast",2025,20,0,0,"no",0.0581673306772908,"no"
"VERMONT","Northeast",2025,21,0,0,"no",0.0581673306772908,"no"
"VERMONT","Northeast",2025,22,0,0,"no",0.0581673306772908,"no"
"VERMONT","Northeast",2025,23,0,0,"no",0.0581673306772908,"no"
"VERMONT","Northeast",2025,24,0,0,"no",0.0581673306772908,"no"
"VERMONT","Northeast",2025,25,0,0,"no",0.0581673306772908,"no"
"VERMONT","Northeast",2025,26,0,0,"no",0.0581673306772908,"no"
"VERMONT","Northeast",2025,27,0,0,"no",0.0581673306772908,"no"
"VERMONT","Northeast",2025,28,0,0,"no",0.0581673306772908,"no"
"VERMONT","Northeast",2025,29,0,0,"no",0.0581673306772908,"no"
"VERMONT","Northeast",2025,30,0,0,"no",0.0581673306772908,"no"
"VERMONT","Northeast",2025,31,0,0,"no",0.0581673306772908,"no"
"VERMONT","Northeast",2025,32,0,0,"no",0.0581673306772908,"no"
"VERMONT","Northeast",2025,33,0,0,"no",0.0581673306772908,"no"
"VERMONT","Northeast",2025,34,0,0,"no",0.0581673306772908,"no"
"VERMONT","Northeast",2025,35,0,0,"no",0.0581673306772908,"no"
"VERMONT","Northeast",2025,36,0,0,"no",0.0581673306772908,"no"
"VERMONT","Northeast",2025,37,0,0,"no",0.0581673306772908,"no"
"VERMONT","Northeast",2025,38,0,0,"no",0.0581673306772908,"no"
"VERMONT","Northeast",2025,39,0,0,"no",0.0581673306772908,"no"
"VERMONT","Northeast",2025,40,0,0,"no",0.0581673306772908,"no"
"VERMONT","Northeast",2025,41,0,0,"no",0.0581673306772908,"no"
"VERMONT","Northeast",2025,42,0,0,"no",0.0581673306772908,"no"
"VERMONT","Northeast",2025,43,0,0,"no",0.0581673306772908,"no"
"VERMONT","Northeast",2025,44,0,0,"no",0.0581673306772908,"no"
"VIRGINIA","South",2025,18,0,0,"no",0.0581673306772908,"no"
"VIRGINIA","South",2025,19,0,0,"no",0.0581673306772908,"no"
"VIRGINIA","South",2025,20,0,0,"no",0.0581673306772908,"no"
"VIRGINIA","South",2025,21,0,0,"yes",0.0581673306772908,"no"
"VIRGINIA","South",2025,22,0,0,"yes",0.0581673306772908,"no"
"VIRGINIA","South",2025,23,0,0,"yes",0.0581673306772908,"no"
"VIRGINIA","South",2025,24,0,0,"yes",0.0581673306772908,"no"
"VIRGINIA","South",2025,25,0,0,"no",0.0581673306772908,"no"
"VIRGINIA","South",2025,26,1,1,"no",0.515463917525773,"yes"
"VIRGINIA","South",2025,27,1,1,"no",0.515463917525773,"yes"
"VIRGINIA","South",2025,28,1,1,"no",0.515463917525773,"yes"
"VIRGINIA","South",2025,29,1,1,"no",0.515463917525773,"yes"
"VIRGINIA","South",2025,30,0,1,"yes",0.0581673306772908,"no"
"VIRGINIA","South",2025,31,0,1,"yes",0.0581673306772908,"no"
"VIRGINIA","South",2025,32,0,1,"yes",0.0581673306772908,"no"
"VIRGINIA","South",2025,33,0,1,"yes",0.0581673306772908,"no"
"VIRGINIA","South",2025,34,0,0,"yes",0.0581673306772908,"no"
"VIRGINIA","South",2025,35,1,1,"yes",0.515463917525773,"yes"
"VIRGINIA","South",2025,36,1,1,"yes",0.515463917525773,"yes"
"VIRGINIA","South",2025,37,1,1,"yes",0.515463917525773,"yes"
"VIRGINIA","South",2025,38,2,2,"yes",0.785234899328859,"yes"
"VIRGINIA","South",2025,39,2,3,"yes",0.785234899328859,"yes"
"VIRGINIA","South",2025,40,3,4,"yes",0.785234899328859,"yes"
"VIRGINIA","South",2025,41,4,5,"yes",0.785234899328859,"yes"
"VIRGINIA","South",2025,42,3,5,"yes",0.404761904761905,"no"
"VIRGINIA","South",2025,43,3,5,"no",0.404761904761905,"no"
"VIRGINIA","South",2025,44,3,6,"no",0.404761904761905,"no"
"WASHINGTON","West",2025,18,0,0,"no",0.0581673306772908,"no"
"WASHINGTON","West",2025,19,0,0,"no",0.0581673306772908,"no"
"WASHINGTON","West",2025,20,0,0,"no",0.0581673306772908,"no"
"WASHINGTON","West",2025,21,0,0,"no",0.0581673306772908,"no"
"WASHINGTON","West",2025,22,0,0,"no",0.0581673306772908,"no"
"WASHINGTON","West",2025,23,0,0,"no",0.0581673306772908,"no"
"WASHINGTON","West",2025,24,0,0,"no",0.0581673306772908,"no"
"WASHINGTON","West",2025,25,0,0,"no",0.0581673306772908,"no"
"WASHINGTON","West",2025,26,0,0,"no",0.0581673306772908,"no"
"WASHINGTON","West",2025,27,0,0,"no",0.0581673306772908,"no"
"WASHINGTON","West",2025,28,0,0,"no",0.0581673306772908,"no"
"WASHINGTON","West",2025,29,0,0,"no",0.0581673306772908,"no"
"WASHINGTON","West",2025,30,0,0,"no",0.0581673306772908,"no"
"WASHINGTON","West",2025,31,0,0,"no",0.0581673306772908,"no"
"WASHINGTON","West",2025,32,0,0,"no",0.0581673306772908,"no"
"WASHINGTON","West",2025,33,0,0,"no",0.0581673306772908,"no"
"WASHINGTON","West",2025,34,0,0,"no",0.0581673306772908,"no"
"WASHINGTON","West",2025,35,0,0,"no",0.0581673306772908,"no"
"WASHINGTON","West",2025,36,0,0,"no",0.0581673306772908,"no"
"WASHINGTON","West",2025,37,0,0,"no",0.0581673306772908,"no"
"WASHINGTON","West",2025,38,0,0,"no",0.0581673306772908,"no"
"WASHINGTON","West",2025,39,0,0,"no",0.0581673306772908,"no"
"WASHINGTON","West",2025,40,0,0,"no",0.0581673306772908,"no"
"WASHINGTON","West",2025,41,0,0,"no",0.0581673306772908,"no"
"WASHINGTON","West",2025,42,0,0,"no",0.0581673306772908,"no"
"WASHINGTON","West",2025,43,0,0,"no",0.0581673306772908,"no"
"WASHINGTON","West",2025,44,0,0,"no",0.0581673306772908,"no"
"WEST VIRGINIA","South",2025,18,0,0,"no",0.0581673306772908,"no"
"WEST VIRGINIA","South",2025,19,0,0,"no",0.0581673306772908,"no"
"WEST VIRGINIA","South",2025,20,0,0,"no",0.0581673306772908,"no"
"WEST VIRGINIA","South",2025,21,0,0,"no",0.0581673306772908,"no"
"WEST VIRGINIA","South",2025,22,0,0,"no",0.0581673306772908,"no"
"WEST VIRGINIA","South",2025,23,0,0,"no",0.0581673306772908,"no"
"WEST VIRGINIA","South",2025,24,0,0,"no",0.0581673306772908,"no"
"WEST VIRGINIA","South",2025,25,0,0,"no",0.0581673306772908,"no"
"WEST VIRGINIA","South",2025,26,0,0,"no",0.0581673306772908,"no"
"WEST VIRGINIA","South",2025,27,0,0,"no",0.0581673306772908,"no"
"WEST VIRGINIA","South",2025,28,0,0,"no",0.0581673306772908,"no"
"WEST VIRGINIA","South",2025,29,0,0,"no",0.0581673306772908,"no"
"WEST VIRGINIA","South",2025,30,0,0,"no",0.0581673306772908,"no"
"WEST VIRGINIA","South",2025,31,0,0,"no",0.0581673306772908,"no"
"WEST VIRGINIA","South",2025,32,0,0,"no",0.0581673306772908,"no"
"WEST VIRGINIA","South",2025,33,0,0,"no",0.0581673306772908,"no"
"WEST VIRGINIA","South",2025,34,0,0,"no",0.0581673306772908,"no"
"WEST VIRGINIA","South",2025,35,0,0,"no",0.0581673306772908,"no"
"WEST VIRGINIA","South",2025,36,0,0,"no",0.0581673306772908,"no"
"WEST VIRGINIA","South",2025,37,0,0,"no",0.0581673306772908,"no"
"WEST VIRGINIA","South",2025,38,0,0,"no",0.0581673306772908,"no"
"WEST VIRGINIA","South",2025,39,0,0,"no",0.0581673306772908,"no"
"WEST VIRGINIA","South",2025,40,0,0,"no",0.0581673306772908,"no"
"WEST VIRGINIA","South",2025,41,0,0,"no",0.0581673306772908,"no"
"WEST VIRGINIA","South",2025,42,0,0,"no",0.0581673306772908,"no"
"WEST VIRGINIA","South",2025,43,0,0,"no",0.0581673306772908,"no"
"WEST VIRGINIA","South",2025,44,0,0,"no",0.0581673306772908,"no"
"WISCONSIN","North Central",2025,18,0,0,"no",0.0581673306772908,"no"
"WISCONSIN","North Central",2025,19,0,0,"no",0.0581673306772908,"no"
"WISCONSIN","North Central",2025,20,0,0,"no",0.0581673306772908,"no"
"WISCONSIN","North Central",2025,21,0,0,"no",0.0581673306772908,"no"
"WISCONSIN","North Central",2025,22,0,0,"no",0.0581673306772908,"no"
"WISCONSIN","North Central",2025,23,0,0,"no",0.0581673306772908,"no"
"WISCONSIN","North Central",2025,24,0,0,"no",0.0581673306772908,"no"
"WISCONSIN","North Central",2025,25,0,0,"no",0.0581673306772908,"no"
"WISCONSIN","North Central",2025,26,0,0,"no",0.0581673306772908,"no"
"WISCONSIN","North Central",2025,27,0,0,"no",0.0581673306772908,"no"
"WISCONSIN","North Central",2025,28,0,0,"no",0.0581673306772908,"no"
"WISCONSIN","North Central",2025,29,0,0,"no",0.0581673306772908,"no"
"WISCONSIN","North Central",2025,30,0,0,"no",0.0581673306772908,"no"
"WISCONSIN","North Central",2025,31,0,0,"no",0.0581673306772908,"no"
"WISCONSIN","North Central",2025,32,0,0,"no",0.0581673306772908,"no"
"WISCONSIN","North Central",2025,33,0,0,"no",0.0581673306772908,"no"
"WISCONSIN","North Central",2025,34,0,0,"no",0.0581673306772908,"no"
"WISCONSIN","North Central",2025,35,0,0,"no",0.0581673306772908,"no"
"WISCONSIN","North Central",2025,36,0,0,"no",0.0581673306772908,"no"
"WISCONSIN","North Central",2025,37,0,0,"no",0.0581673306772908,"no"
"WISCONSIN","North Central",2025,38,0,0,"no",0.0581673306772908,"no"
"WISCONSIN","North Central",2025,39,0,0,"no",0.0581673306772908,"no"
"WISCONSIN","North Central",2025,40,0,0,"no",0.0581673306772908,"no"
"WISCONSIN","North Central",2025,41,0,0,"no",0.0581673306772908,"no"
"WISCONSIN","North Central",2025,42,0,0,"no",0.0581673306772908,"no"
"WISCONSIN","North Central",2025,43,0,0,"no",0.0581673306772908,"no"
"WISCONSIN","North Central",2025,44,0,0,"no",0.0581673306772908,"no"
"WYOMING","West",2025,18,0,0,"no",0.0581673306772908,"no"
"WYOMING","West",2025,19,0,0,"no",0.0581673306772908,"no"
"WYOMING","West",2025,20,0,0,"no",0.0581673306772908,"no"
"WYOMING","West",2025,21,0,0,"no",0.0581673306772908,"no"
"WYOMING","West",2025,22,0,0,"no",0.0581673306772908,"no"
"WYOMING","West",2025,23,0,0,"no",0.0581673306772908,"no"
"WYOMING","West",2025,24,0,0,"no",0.0581673306772908,"no"
"WYOMING","West",2025,25,0,0,"no",0.0581673306772908,"no"
"WYOMING","West",2025,26,0,0,"no",0.0581673306772908,"no"
"WYOMING","West",2025,27,0,0,"no",0.0581673306772908,"no"
"WYOMING","West",2025,28,0,0,"no",0.0581673306772908,"no"
"WYOMING","West",2025,29,0,0,"no",0.0581673306772908,"no"
"WYOMING","West",2025,30,0,0,"no",0.0581673306772908,"no"
"WYOMING","West",2025,31,0,0,"no",0.0581673306772908,"no"
"WYOMING","West",2025,32,0,0,"no",0.0581673306772908,"no"
"WYOMING","West",2025,33,0,0,"no",0.0581673306772908,"no"
"WYOMING","West",2025,34,0,0,"no",0.0581673306772908,"no"
"WYOMING","West",2025,35,0,0,"no",0.0581673306772908,"no"
"WYOMING","West",2025,36,0,0,"no",0.0581673306772908,"no"
"WYOMING","West",2025,37,0,0,"no",0.0581673306772908,"no"
"WYOMING","West",2025,38,0,0,"no",0.0581673306772908,"no"
"WYOMING","West",2025,39,0,0,"no",0.0581673306772908,"no"
"WYOMING","West",2025,40,0,0,"no",0.0581673306772908,"no"
"WYOMING","West",2025,41,0,0,"no",0.0581673306772908,"no"
"WYOMING","West",2025,42,0,0,"no",0.0581673306772908,"no"
"WYOMING","West",2025,43,0,0,"no",0.0581673306772908,"no"
"WYOMING","West",2025,44,0,0,"no",0.0581673306772908,"no"
