state,cumulative_cases
ALABAMA,29
ALASKA,0
ARIZONA,65
ARKANSAS,25
CALIFORNIA,111
COLORADO,285
CONNECTICUT,6
DELAWARE,3
DISTRICT OF COLUMBIA,4
FLORIDA,6
GEORGIA,17
HAWAII,0
IDAHO,9
ILLINOIS,149
INDIANA,39
IOWA,56
KANSAS,31
KENTUCKY,37
LOUISIANA,70
MAINE,1
MARYLAND,28
MASSACHUSETTS,9
MICHIGAN,3
MINNESOTA,122
MISSISSIPPI,37
MISSOURI,42
MONTANA,16
NEBRASKA,54
NEVADA,2
NEW HAMPSHIRE,0
NEW JERSEY,21
NEW MEXICO,51
NEW YORK,58
NORTH CAROLINA,10
NORTH DAKOTA,86
OHIO,45
OKLAHOMA,55
OREGON,2
PENNSYLVANIA,79
RHODE ISLAND,2
SOUTH CAROLINA,4
SOUTH DAKOTA,86
TENNESSEE,21
TEXAS,126
UTAH,48
VERMONT,0
VIRGINIA,30
WASHINGTON,2
WEST VIRGINIA,2
WISCONSIN,27
WYOMING,15
